INSERT INTO PROVEEDOR(runProveedor,nombreProveedor,direccion,telefono,correo,celular,esCliente)
VALUES('15174255-6','La desconozida','Direccion 1','(2)-22938483','Correo1@gmail.com','(56)-93857394','1');

INSERT INTO PROVEEDOR(runProveedor,nombreProveedor,direccion,telefono,correo,celular,esCliente)
VALUES('57772225-0','La conozida','Los bambus','(2)-22374038','Correo2@gmail.com','(56)-99485859','1');

INSERT INTO PROVEEDOR(runProveedor,nombreProveedor,direccion,telefono,correo,celular,esCliente)
VALUES('23222118-6','1000 y 1 producto','las maletas','(2)-22837303','Correo3@gmail.com','(56)-99484720','1');

INSERT INTO PROVEEDOR(runProveedor,nombreProveedor,direccion,telefono,correo,celular,esCliente)
VALUES('86846386-4','Electrogar','avenida siempre viva 123','(2)-22837503','Correo4@gmail.com','(56)-90584759','1');

INSERT INTO PROVEEDOR(runProveedor,nombreProveedor,direccion,telefono,correo,celular,esCliente)
VALUES('78321865-8','Pengeuin food','eeuu 234','(2)-2223849483','Correo5@gmail.com','(56)-995847730','1');

INSERT INTO PROVEEDOR(runProveedor,nombreProveedor,direccion,telefono,correo,celular,esCliente)
VALUES('64375437-1','KKT','holywood 2384','(2)-2284750484','Correo6@gmail.com','(56)-90594837','1');

INSERT INTO PROVEEDOR(runProveedor,nombreProveedor,direccion,telefono,correo,celular,esCliente)
VALUES('64884963-K','Aguas Andinas','vespucio sur 23874','(2)-229484734','Correo7@gmail.com','(56)-98475039','1');

INSERT INTO PROVEEDOR(runProveedor,nombreProveedor,direccion,telefono,correo,celular,esCliente)
VALUES('55717574-1','Movistar','vespucio norte 12345','(2)-2284050383','Correo8@gmail.com','(56)-93628372','1');

INSERT INTO PROVEEDOR(runProveedor,nombreProveedor,direccion,telefono,correo,celular,esCliente)
VALUES('49658214-4','Netflix','vespucio este 2345','(2)-2284848484','Correo9@gmail.com','(56)-916384738','1');

INSERT INTO PROVEEDOR(runProveedor,nombreProveedor,direccion,telefono,correo,celular,esCliente)
VALUES('54117374-9','Windows Chile','vespucio oeste 234','(2)-2205739574','Correo10@gmail.com','(56)-92648504','1');

INSERT INTO PROVEEDOR(runProveedor,nombreProveedor,direccion,telefono,correo,celular,esCliente)
VALUES('66315831-7','Ilimitada','vespucio centro','(2)-2205938474','Correo11@gmail.com','(56)-92648504','1');

INSERT INTO PROVEEDOR(runProveedor,nombreProveedor,direccion,telefono,correo,celular,esCliente)
VALUES('39115859-2','SW Limitada','rotonda quilin 3e4','(2)-2294938383','Correo12@gmail.com','(56)-93847304','1');

INSERT INTO PROVEEDOR(runProveedor,nombreProveedor,direccion,telefono,correo,celular,esCliente)
VALUES('71563697-2','HW Limitada','los silvestres','(2)-2204948505','Correo13@gmail.com','(56)-98379483','1');

INSERT INTO PROVEEDOR(runProveedor,nombreProveedor,direccion,telefono,correo,celular,esCliente)
VALUES('91874521-1','Zafari 2052','el pino','(2)-2205058385','Correo14@gmail.com','(56)-9374837','1');

INSERT INTO PROVEEDOR(runProveedor,nombreProveedor,direccion,telefono,correo,celular,esCliente)
VALUES('14163475-5','Nerfea Esto','el trebol 2345','(2)-2273649585','Correo15@gmail.com','(56)-924287328','1');

INSERT INTO PROVEEDOR(runProveedor,nombreProveedor,direccion,telefono,correo,celular,esCliente)
VALUES('47696193-9','Soldados insumos','ñuñoa 2345','(2)-220593749','Correo16@gmail.com','(56)-93873874','1');

INSERT INTO PROVEEDOR(runProveedor,nombreProveedor,direccion,telefono,correo,celular,esCliente)
VALUES('15931819-2','Alimentos A','providencia 345','(2)-2274639684','Correo17@gmail.com','(56)-943893489','1');

INSERT INTO PROVEEDOR(runProveedor,nombreProveedor,direccion,telefono,correo,celular,esCliente)
VALUES('98734835-6','Alimentos B','antartica 23456','(2)-2284630693','Correo18@gmail.com','(56)-923904758','1');

INSERT INTO PROVEEDOR(runProveedor,nombreProveedor,direccion,telefono,correo,celular,esCliente)
VALUES('34258812-3','Alimentos C','isla de pascua 3456','(2)-22948594','Correo19@gmail.com','(56)-9348948','1');

INSERT INTO PROVEEDOR(runProveedor,nombreProveedor,direccion,telefono,correo,celular,esCliente)
VALUES('66226157-2','Alimentos ABC','san joaquin 23456','(2)-22747494','Correo20@gmail.com','(56)-939473','1');

INSERT INTO PROVEEDOR(runProveedor,nombreProveedor,direccion,telefono,correo,celular,esCliente)
VALUES('64963162-K','Tecno niña','san joaquin 23456','(2)-22948475','Correo21@gmail.com','(56)-93947833','1');

INSERT INTO PROVEEDOR(runProveedor,nombreProveedor,direccion,telefono,correo,celular,esCliente)
VALUES('93432784-5','Tecno Niño','san joaquin 234567','(2)-22847494','Correo22@gmail.com','(56)-9923837','1');

INSERT INTO PROVEEDOR(runProveedor,nombreProveedor,direccion,telefono,correo,celular,esCliente)
VALUES('87712735-4','Storm object','mercurio','(2)-22958404','Correo23@gmail.com','(56)-99338245','0');

INSERT INTO PROVEEDOR(runProveedor,nombreProveedor,direccion,telefono,correo,celular,esCliente)
VALUES('87592348-K','PC Factory','tulipanes 3784','(2)-22948474','Correo24@gmail.com','(56)-9983727','0');

INSERT INTO PROVEEDOR(runProveedor,nombreProveedor,direccion,telefono,correo,celular,esCliente)
VALUES('84461832-8','EASY','flor del pajaro 345','(2)-22847595','Correo25@gmail.com','(56)-99398483','0');

INSERT INTO PROVEEDOR(runProveedor,nombreProveedor,direccion,telefono,correo,celular,esCliente)
VALUES('38127471-3','Sodimac','benjamin 234567','(2)-22847494','Correo26@gmail.com','(56)-9938473','0');

INSERT INTO PROVEEDOR(runProveedor,nombreProveedor,direccion,telefono,correo,celular,esCliente)
VALUES('75483592-3','Lider','providencia 334','(2)-22948474','Correo27@gmail.com','(56)-9893838','1');

INSERT INTO PROVEEDOR(runProveedor,nombreProveedor,direccion,telefono,correo,celular,esCliente)
VALUES('19441574-5','Falabela','providencia 345','(2)-22948474','Correo28@gmail.com','(56)-9938473','1');

INSERT INTO PROVEEDOR(runProveedor,nombreProveedor,direccion,telefono,correo,celular,esCliente)
VALUES('35747757-3','ZMART','tobalaba 345','(2)-22847575','Correo29@gmail.com','(56)-993837323','1');

INSERT INTO PROVEEDOR(runProveedor,nombreProveedor,direccion,telefono,correo,celular,esCliente)
VALUES('88988935-7','Antartica Libros',' tobalaba 34','(2)-22718981','Correo30@gmail.com','(56)-9837262','1');

INSERT INTO PROVEEDOR(runProveedor,nombreProveedor,direccion,telefono,correo,celular,esCliente)
VALUES('33892721-5','MC Donalds','tobalaba 34','(2)-22744981','Correo31@gmail.com','(56)-9938473','1');

INSERT INTO PROVEEDOR(runProveedor,nombreProveedor,direccion,telefono,correo,celular,esCliente)
VALUES('14574214-5','Comida Verder','ahhhh','(2)-22648981','Correo32@gmail.com','(56)-98937327','1');

INSERT INTO PROVEEDOR(runProveedor,nombreProveedor,direccion,telefono,correo,celular,esCliente)
VALUES('63222291-2','Comida Roja','EEUU 24','(2)-26518981','Correo33@gmail.com','(56)-9938473','1');

INSERT INTO PROVEEDOR(runProveedor,nombreProveedor,direccion,telefono,correo,celular,esCliente)
VALUES('92689115-4','Licencias','Brazil 345','(2)-22734981','Correo34@gmail.com','(56)-9938473','1');

INSERT INTO PROVEEDOR(runProveedor,nombreProveedor,direccion,telefono,correo,celular,esCliente)
VALUES('12256892-K','......','Chile 345','(2)-22373949','Correo35@gmail.com','(56)-993734763','1');

INSERT INTO PROVEEDOR(runProveedor,nombreProveedor,direccion,telefono,correo,celular,esCliente)
VALUES('98446964-0','Paradiso','pedrocito','(2)-22938483','Correo36@gmail.com','(56)-9837362','1');

INSERT INTO PROVEEDOR(runProveedor,nombreProveedor,direccion,telefono,correo,celular,esCliente)
VALUES('56375898-8','Paris','avenida brazil 34','(2)-22949383','Correo37@gmail.com','(56)-9837362','1');

INSERT INTO PROVEEDOR(runProveedor,nombreProveedor,direccion,telefono,correo,celular,esCliente)
VALUES('61249842-3','Meteo red','sin ideas','(2)-22938304','Correo38@gmail.com','(56)-983736','1');

INSERT INTO PROVEEDOR(runProveedor,nombreProveedor,direccion,telefono,correo,celular,esCliente)
VALUES('71585565-8','Nerf','git es la luz','(2)-22038394','Correo39@gmail.com','(56)-938737823','1');

INSERT INTO PROVEEDOR(runProveedor,nombreProveedor,direccion,telefono,correo,celular,esCliente)
VALUES('31965863-7','Bar de Moe','git hub tambien','(2)-22847520','Correo40@gmail.com','(56)-9938378','1');

INSERT INTO ENCARGADO_VENTA(runEncargado,nombreEncargado,correo,celular)
VALUES('6593924-k','Angelo Candia','correoEncargadoVenta1@gmail.com','(56)-9394847')

INSERT INTO ENCARGADO_VENTA(runEncargado,nombreEncargado,correo,celular)
VALUES('6205056-k','Rolando Aburto','correoEncargadoVenta2@gmail.com','(56)-9384509')

INSERT INTO ENCARGADO_VENTA(runEncargado,nombreEncargado,correo,celular)
VALUES('7966836-2','Benjamin Matamoros','correoEncargadoVenta3@gmail.com','(56)-9394857')

INSERT INTO ENCARGADO_VENTA(runEncargado,nombreEncargado,correo,celular)
VALUES('24085847-9','Jose Contreras','correoEncargadoVenta4@gmail.com','(56)-946589367')

INSERT INTO ENCARGADO_VENTA(runEncargado,nombreEncargado,correo,celular)
VALUES('10458280-k','Rafaella Candia','correoEncargadoVenta5@gmail.com','(56)-9837843')

INSERT INTO ENCARGADO_VENTA(runEncargado,nombreEncargado,correo,celular)
VALUES('16553169-8','Koku','correoEncargadoVenta6@gmail.com','(56)-94378734')

INSERT INTO ENCARGADO_VENTA(runEncargado,nombreEncargado,correo,celular)
VALUES('22387442-8','Oliver rios','correoEncargadoVenta7@gmail.com','(56)-9387483')

INSERT INTO ENCARGADO_VENTA(runEncargado,nombreEncargado,correo,celular)
VALUES('20976902-6','Daniel Vergara','correoEncargadoVenta8@gmail.com','(56)-938938938')

INSERT INTO ENCARGADO_VENTA(runEncargado,nombreEncargado,correo,celular)
VALUES('17926955-4','Francisco gallardo','correoEncargadoVenta9@gmail.com','(56)-93878347')

INSERT INTO ENCARGADO_VENTA(runEncargado,nombreEncargado,correo,celular)
VALUES('8206474-5','Cindy Contador','correoEncargadoVenta10@gmail.com','(56)-987384783')

INSERT INTO ENCARGADO_VENTA(runEncargado,nombreEncargado,correo,celular)
VALUES('20884039-8','Fabian Miranda','correoEncargadoVenta11@gmail.com','(56)-994739')

INSERT INTO ENCARGADO_VENTA(runEncargado,nombreEncargado,correo,celular)
VALUES('17585123-2','Michelle no bachelet','correoEncargadoVenta12@gmail.com','(56)-98374878347')

INSERT INTO ENCARGADO_VENTA(runEncargado,nombreEncargado,correo,celular)
VALUES('10186316-6','Pepe patea traseros','correoEncargadoVenta13@gmail.com','(56)-939849843')

INSERT INTO ENCARGADO_VENTA(runEncargado,nombreEncargado,correo,celular)
VALUES('16515224-7','Ned Flander','correoEncargadoVenta14@gmail.com','(56)-99339849')

INSERT INTO ENCARGADO_VENTA(runEncargado,nombreEncargado,correo,celular)
VALUES('22877207-0','Lisa simpson','correoEncargadoVenta15@gmail.com','(56)-9837837')

INSERT INTO ENCARGADO_VENTA(runEncargado,nombreEncargado,correo,celular)
VALUES('16205575-5','Max Power','correoEncargadoVenta16@gmail.com','(56)-9387438')

INSERT INTO ENCARGADO_VENTA(runEncargado,nombreEncargado,correo,celular)
VALUES('6300496-0','Max Power 2','correoEncargadoVenta17@gmail.com','(56)-9398943898')

INSERT INTO ENCARGADO_VENTA(runEncargado,nombreEncargado,correo,celular)
VALUES('6698767-1','Oliver Aton','correoEncargadoVenta18@gmail.com','(56)-99389348')

INSERT INTO ENCARGADO_VENTA(runEncargado,nombreEncargado,correo,celular)
VALUES('23474345-7','Jerry smith','correoEncargadoVenta19@gmail.com','(56)-9928398')

INSERT INTO ENCARGADO_VENTA(runEncargado,nombreEncargado,correo,celular)
VALUES('16443983-6','Summer winter','correoEncargadoVenta20@gmail.com','(56)-985789547')

INSERT INTO ENCARGADO_VENTA(runEncargado,nombreEncargado,correo,celular)
VALUES('10787727-4','iseufhsih','correoEncargadoVenta21@gmail.com','(56)-99784839')

INSERT INTO ENCARGADO_VENTA(runEncargado,nombreEncargado,correo,celular)
VALUES('15953250-k','sfuhseifhsf','correoEncargadoVenta22@gmail.com','(56)-90389948')

INSERT INTO ENCARGADO_VENTA(runEncargado,nombreEncargado,correo,celular)
VALUES('20597206-4','Vivanco Tapia','correoEncargadoVenta23@gmail.com','(56)-93874837')

INSERT INTO ENCARGADO_VENTA(runEncargado,nombreEncargado,correo,celular)
VALUES('7408934-8','Arland Michellena','correoEncargadoVenta24@gmail.com','(56)-9938984')

INSERT INTO ENCARGADO_VENTA(runEncargado,nombreEncargado,correo,celular)
VALUES('19607907-6','Tipo de abajao','correoEncargadoVenta25@gmail.com','(56)-998394839')

INSERT INTO ENCARGADO_VENTA(runEncargado,nombreEncargado,correo,celular)
VALUES('5161089-k','Morgana flin','correoEncargadoVenta26@gmail.com','(56)-989879384')

INSERT INTO ENCARGADO_VENTA(runEncargado,nombreEncargado,correo,celular)
VALUES('9568174-3','Futaba sakura','correoEncargadoVenta27@gmail.com','(56)-993849')

INSERT INTO ENCARGADO_VENTA(runEncargado,nombreEncargado,correo,celular)
VALUES('16217783-4','Ann flores','correoEncargadoVenta28@gmail.com','(56)-93874837')

INSERT INTO ENCARGADO_VENTA(runEncargado,nombreEncargado,correo,celular)
VALUES('10944674-2','Buho','correoEncargadoVenta29@gmail.com','(56)-926536253')

INSERT INTO ENCARGADO_VENTA(runEncargado,nombreEncargado,correo,celular)
VALUES('18591719-3','Perro','correoEncargadoVenta30@gmail.com','(56)-983787')

INSERT INTO ENCARGADO_VENTA(runEncargado,nombreEncargado,correo,celular)
VALUES('9887457-7','Gato','correoEncargadoVenta31@gmail.com','(56)-9376476736')

INSERT INTO ENCARGADO_VENTA(runEncargado,nombreEncargado,correo,celular)
VALUES('18599036-2','Michael de Santa','correoEncargadoVenta32@gmail.com','(56)-987387348')

INSERT INTO ENCARGADO_VENTA(runEncargado,nombreEncargado,correo,celular)
VALUES('22192193-3','CJ','correoEncargadoVenta33@gmail.com','(56)-97363342')

INSERT INTO ENCARGADO_VENTA(runEncargado,nombreEncargado,correo,celular)
VALUES('15238495-5','Jesus','correoEncargadoVenta34@gmail.com','(56)-9376763')

INSERT INTO ENCARGADO_VENTA(runEncargado,nombreEncargado,correo,celular)
VALUES('16808844-2','No jesus','correoEncargadoVenta35@gmail.com','(56)-9387438')

INSERT INTO ENCARGADO_VENTA(runEncargado,nombreEncargado,correo,celular)
VALUES('15605131-4','Claudio contreras','correoEncargadoVenta36@gmail.com','(56)-9387483478')

INSERT INTO ENCARGADO_VENTA(runEncargado,nombreEncargado,correo,celular)
VALUES('21320904-3','Miguel','correoEncargadoVenta37@gmail.com','(56)-9487834758')

INSERT INTO ENCARGADO_VENTA(runEncargado,nombreEncargado,correo,celular)
VALUES('6991844-1','Tapia','correoEncargadoVenta38@gmail.com','(56)-9384787')

INSERT INTO ENCARGADO_VENTA(runEncargado,nombreEncargado,correo,celular)
VALUES('16740949-0','Alexander Candia','correoEncargadoVenta39@gmail.com','(56)-98374837')

INSERT INTO ENCARGADO_VENTA(runEncargado,nombreEncargado,correo,celular)
VALUES('10001851-9','YO','correoEncargadoVenta40@gmail.com','(56)-98374837')

INSERT INTO ENCARGADO_COMPRA(runEncargado,nombreEncargado,correo,celular)
VALUES('6593924-k','Angelo Candia','correoEncargadoVenta1@gmail.com','(56)-9394847')

INSERT INTO ENCARGADO_COMPRA(runEncargado,nombreEncargado,correo,celular)
VALUES('6205056-k','Rolando Aburto','correoEncargadoVenta2@gmail.com','(56)-9384509')

INSERT INTO ENCARGADO_COMPRA(runEncargado,nombreEncargado,correo,celular)
VALUES('7966836-2','Benjamin Matamoros','correoEncargadoVenta3@gmail.com','(56)-9394857')

INSERT INTO ENCARGADO_COMPRA(runEncargado,nombreEncargado,correo,celular)
VALUES('24085847-9','Jose Contreras','correoEncargadoVenta4@gmail.com','(56)-946589367')

INSERT INTO ENCARGADO_COMPRA(runEncargado,nombreEncargado,correo,celular)
VALUES('10458280-k','Rafaella Candia','correoEncargadoVenta5@gmail.com','(56)-9837843')

INSERT INTO ENCARGADO_COMPRA(runEncargado,nombreEncargado,correo,celular)
VALUES('16553169-8','Koku','correoEncargadoVenta6@gmail.com','(56)-94378734')

INSERT INTO ENCARGADO_COMPRA(runEncargado,nombreEncargado,correo,celular)
VALUES('22387442-8','Oliver rios','correoEncargadoVenta7@gmail.com','(56)-9387483')

INSERT INTO ENCARGADO_COMPRA(runEncargado,nombreEncargado,correo,celular)
VALUES('20976902-6','Daniel Vergara','correoEncargadoVenta8@gmail.com','(56)-938938938')

INSERT INTO ENCARGADO_COMPRA(runEncargado,nombreEncargado,correo,celular)
VALUES('17926955-4','Francisco gallardo','correoEncargadoVenta9@gmail.com','(56)-93878347')

INSERT INTO ENCARGADO_COMPRA(runEncargado,nombreEncargado,correo,celular)
VALUES('8206474-5','Cindy Contador','correoEncargadoVenta10@gmail.com','(56)-987384783')

INSERT INTO ENCARGADO_COMPRA(runEncargado,nombreEncargado,correo,celular)
VALUES('20884039-8','Fabian Miranda','correoEncargadoVenta11@gmail.com','(56)-994739')

INSERT INTO ENCARGADO_COMPRA(runEncargado,nombreEncargado,correo,celular)
VALUES('17585123-2','Michelle no bachelet','correoEncargadoVenta12@gmail.com','(56)-98374878347')

INSERT INTO ENCARGADO_COMPRA(runEncargado,nombreEncargado,correo,celular)
VALUES('10186316-6','Pepe patea traseros','correoEncargadoVenta13@gmail.com','(56)-939849843')

INSERT INTO ENCARGADO_COMPRA(runEncargado,nombreEncargado,correo,celular)
VALUES('16515224-7','Ned Flander','correoEncargadoVenta14@gmail.com','(56)-99339849')

INSERT INTO ENCARGADO_COMPRA(runEncargado,nombreEncargado,correo,celular)
VALUES('22877207-0','Lisa simpson','correoEncargadoVenta15@gmail.com','(56)-9837837')

INSERT INTO ENCARGADO_COMPRA(runEncargado,nombreEncargado,correo,celular)
VALUES('16205575-5','Max Power','correoEncargadoVenta16@gmail.com','(56)-9387438')

INSERT INTO ENCARGADO_COMPRA(runEncargado,nombreEncargado,correo,celular)
VALUES('6300496-0','Max Power 2','correoEncargadoVenta17@gmail.com','(56)-9398943898')

INSERT INTO ENCARGADO_COMPRA(runEncargado,nombreEncargado,correo,celular)
VALUES('6698767-1','Oliver Aton','correoEncargadoVenta18@gmail.com','(56)-99389348')

INSERT INTO ENCARGADO_COMPRA(runEncargado,nombreEncargado,correo,celular)
VALUES('23474345-7','Jerry smith','correoEncargadoVenta19@gmail.com','(56)-9928398')

INSERT INTO ENCARGADO_COMPRA(runEncargado,nombreEncargado,correo,celular)
VALUES('16443983-6','Summer winter','correoEncargadoVenta20@gmail.com','(56)-985789547')

INSERT INTO ENCARGADO_COMPRA(runEncargado,nombreEncargado,correo,celular)
VALUES('10787727-4','iseufhsih','correoEncargadoVenta21@gmail.com','(56)-99784839')

INSERT INTO ENCARGADO_COMPRA(runEncargado,nombreEncargado,correo,celular)
VALUES('15953250-k','sfuhseifhsf','correoEncargadoVenta22@gmail.com','(56)-90389948')

INSERT INTO ENCARGADO_COMPRA(runEncargado,nombreEncargado,correo,celular)
VALUES('20597206-4','Vivanco Tapia','correoEncargadoVenta23@gmail.com','(56)-93874837')

INSERT INTO ENCARGADO_COMPRA(runEncargado,nombreEncargado,correo,celular)
VALUES('7408934-8','Arland Michellena','correoEncargadoVenta24@gmail.com','(56)-9938984')

INSERT INTO ENCARGADO_COMPRA(runEncargado,nombreEncargado,correo,celular)
VALUES('19607907-6','Tipo de abajao','correoEncargadoVenta25@gmail.com','(56)-998394839')

INSERT INTO ENCARGADO_COMPRA(runEncargado,nombreEncargado,correo,celular)
VALUES('5161089-k','Morgana flin','correoEncargadoVenta26@gmail.com','(56)-989879384')

INSERT INTO ENCARGADO_COMPRA(runEncargado,nombreEncargado,correo,celular)
VALUES('9568174-3','Futaba sakura','correoEncargadoVenta27@gmail.com','(56)-993849')

INSERT INTO ENCARGADO_COMPRA(runEncargado,nombreEncargado,correo,celular)
VALUES('16217783-4','Ann flores','correoEncargadoVenta28@gmail.com','(56)-93874837')

INSERT INTO ENCARGADO_COMPRA(runEncargado,nombreEncargado,correo,celular)
VALUES('10944674-2','Buho','correoEncargadoVenta29@gmail.com','(56)-926536253')

INSERT INTO ENCARGADO_COMPRA(runEncargado,nombreEncargado,correo,celular)
VALUES('18591719-3','Perro','correoEncargadoVenta30@gmail.com','(56)-983787')

INSERT INTO ENCARGADO_COMPRA(runEncargado,nombreEncargado,correo,celular)
VALUES('9887457-7','Gato','correoEncargadoVenta31@gmail.com','(56)-9376476736')

INSERT INTO ENCARGADO_COMPRA(runEncargado,nombreEncargado,correo,celular)
VALUES('18599036-2','Michael de Santa','correoEncargadoVenta32@gmail.com','(56)-987387348')

INSERT INTO ENCARGADO_COMPRA(runEncargado,nombreEncargado,correo,celular)
VALUES('22192193-3','CJ','correoEncargadoVenta33@gmail.com','(56)-97363342')

INSERT INTO ENCARGADO_COMPRA(runEncargado,nombreEncargado,correo,celular)
VALUES('15238495-5','Jesus','correoEncargadoVenta34@gmail.com','(56)-9376763')

INSERT INTO ENCARGADO_COMPRA(runEncargado,nombreEncargado,correo,celular)
VALUES('16808844-2','No jesus','correoEncargadoVenta35@gmail.com','(56)-9387438')

INSERT INTO ENCARGADO_COMPRA(runEncargado,nombreEncargado,correo,celular)
VALUES('15605131-4','Claudio contreras','correoEncargadoVenta36@gmail.com','(56)-9387483478')

INSERT INTO ENCARGADO_COMPRA(runEncargado,nombreEncargado,correo,celular)
VALUES('21320904-3','Miguel','correoEncargadoVenta37@gmail.com','(56)-9487834758')

INSERT INTO ENCARGADO_COMPRA(runEncargado,nombreEncargado,correo,celular)
VALUES('6991844-1','Tapia','correoEncargadoVenta38@gmail.com','(56)-9384787')

INSERT INTO ENCARGADO_COMPRA(runEncargado,nombreEncargado,correo,celular)
VALUES('16740949-0','Alexander Candia','correoEncargadoVenta39@gmail.com','(56)-98374837')

INSERT INTO ENCARGADO_COMPRA(runEncargado,nombreEncargado,correo,celular)
VALUES('10001851-9','YO','correoEncargadoVenta40@gmail.com','(56)-98374837')

=======
insert into Categoria values(1,'Gerente General','Jefe de todo');
insert into Categoria values(2,'Gerente de Operaciones','Jefe del depto Operaciones');
insert into Categoria values(3,'Gerente de Produccion','Jefe del depto Produccion');
insert into Categoria values(4,'Gerente de Marketing','Jefe del depto Marketing');
insert into Categoria values(5,'Gerente de Recursos Humanos','Jefe del depto Recursos Humanos');
insert into Categoria values(6,'Gerente de Finanzas','Jefe del depto Finanzas');
insert into Categoria values(7,'Gerente de Ventas','Jefe del depto Ventas');
insert into Categoria values(8,'Gerente de Informatica','Jefe del depto Informatica');
insert into Categoria values(9,'Gerente de Inversiones','Jefe del depto Inversiones');
insert into Categoria values(10,'Junior','Junior');
insert into Categoria values(11,'Secretaria','Secretaria');
insert into Categoria values(12,'Publicista','Publicista');
insert into Categoria values(13,'Diseñador','Diseñador');
insert into Categoria values(14,'Contador','Contador');
insert into Categoria values(15,'Auditor','Auditor');
insert into Categoria values(16,'Ingeniero Comercial','Ingeniero');
insert into Categoria values(17,'Administrador','Administrador');
insert into Categoria values(18,'Jefe de Vendedores',' Jefe');
insert into Categoria values(19,'Vendedor','Vendedor');
insert into Categoria values(20,'Chofer','Chofer');
insert into Categoria values(21,'Pioneta','Pioneta');
insert into Categoria values(22,'Diseñador Web','Diseñador Web');
insert into Categoria values(23,'Programador','Programador');
insert into Categoria values(24,'Analista','Analista');
insert into Categoria values(25,'Administrador Base de Datos','Administrador Base de Datos');
insert into Categoria values(26,'Jefe de Informatica','Jefe');
insert into Categoria values(27,'Administrador de Redes','Administrador de Redes');
insert into Categoria values(28,'Tecnico de Redes','Tecnico de Redes');
insert into Categoria values(29,'Jefe de Inversiones','Jefe de Inversiones');
insert into Categoria values(30,'Administrador de Inversiones','Administrador de Inversiones');
insert into Categoria values(31,'Trabajador de Planta','Trabajador de Planta');
insert into Categoria values(32,'Encargados de Inversiones','Encargados de Inversiones');
insert into Categoria values(33,'Bodeguero','Bodeguero');
insert into Categoria values(34,'Encargado de Bodega','Encargado');
insert into Categoria values(35,'Jefe de Bodega','Jefe de Bodega');
insert into Categoria values(36,'Jefe de Choferes','Jefe');
insert into Categoria values(37,'Ruteador','Ruteador');
insert into Categoria values(38,'Jefe de Rutas','Jefe de Rutas');
insert into Categoria values(39,'Encargado de Planta','Encargado de Planta');
insert into Categoria values(40,'Jefe de Encargado de Planta','Jefe');

=======

INSERT INTO EMPLEADO(
	RUNEMPLEADO,NOMBREEMPLEADO,APELLIDOEMPLEADO,APELLIDOMATERNO,GENERO,NACIONALIDAD,FECHACONTRATO,SUELDO,FECHANACIMIENTO,ESEMPLEADO,IDCATEGORIAEMPLEADO,IDSUCURSAL)
	VALUES('1-1','Camilo',' Perez','Valdivia','M','Chileno','2017-04-25',250000,'1976-02-01','S',,)

INSERT INTO EMPLEADO(
	RUNEMPLEADO,NOMBREEMPLEADO,APELLIDOEMPLEADO,APELLIDOMATERNO,GENERO,NACIONALIDAD,FECHACONTRATO,SUELDO,FECHANACIMIENTO,ESEMPLEADO,IDCATEGORIAEMPLEADO,IDSUCURSAL)
	VALUES('1-2','Andrea',' Rosales','Bravo','F','Chileno','2017-04-25',250000,'1976-01-02','S',,)

INSERT INTO EMPLEADO(
	RUNEMPLEADO,NOMBREEMPLEADO,APELLIDOEMPLEADO,APELLIDOMATERNO,GENERO,NACIONALIDAD,FECHACONTRATO,SUELDO,FECHANACIMIENTO,ESEMPLEADO,IDCATEGORIAEMPLEADO,IDSUCURSAL)
	VALUES('1-3','Pedro',' Espinoza','Larrain','M','Chileno','2017-04-25',250000,'1976-01-03','S',,)

INSERT INTO EMPLEADO(
	RUNEMPLEADO,NOMBREEMPLEADO,APELLIDOEMPLEADO,APELLIDOMATERNO,GENERO,NACIONALIDAD,FECHACONTRATO,SUELDO,FECHANACIMIENTO,ESEMPLEADO,IDCATEGORIAEMPLEADO,IDSUCURSAL)
	VALUES('1-4','Camila',' Dominguez','Vidal','F','Chileno','2017-04-25',250000,'1976-05-04','S',,)

INSERT INTO EMPLEADO(
	RUNEMPLEADO,NOMBREEMPLEADO,APELLIDOEMPLEADO,APELLIDOMATERNO,GENERO,NACIONALIDAD,FECHACONTRATO,SUELDO,FECHANACIMIENTO,ESEMPLEADO,IDCATEGORIAEMPLEADO,IDSUCURSAL)
	VALUES('1-5','Simon',' Perez','Araneda','M','Chileno','2017-04-25',250000,'1979-07-05','S',,)

INSERT INTO EMPLEADO(
	RUNEMPLEADO,NOMBREEMPLEADO,APELLIDOEMPLEADO,APELLIDOMATERNO,GENERO,NACIONALIDAD,FECHACONTRATO,SUELDO,FECHANACIMIENTO,ESEMPLEADO,IDCATEGORIAEMPLEADO,IDSUCURSAL)
	VALUES('1-6','Daniela','Guzman','Vallejos','F','Chileno','2017-04-25',250000,'1979-04-06','S',,)

INSERT INTO EMPLEADO(
	RUNEMPLEADO,NOMBREEMPLEADO,APELLIDOEMPLEADO,APELLIDOMATERNO,GENERO,NACIONALIDAD,FECHACONTRATO,SUELDO,FECHANACIMIENTO,ESEMPLEADO,IDCATEGORIAEMPLEADO,IDSUCURSAL)
	VALUES('1-7','Benjamin','Cotapos','Maturana','M','Chileno','2017-04-25',250000,'1979-11-07','S',,)

INSERT INTO EMPLEADO(
	RUNEMPLEADO,NOMBREEMPLEADO,APELLIDOEMPLEADO,APELLIDOMATERNO,GENERO,NACIONALIDAD,FECHACONTRATO,SUELDO,FECHANACIMIENTO,ESEMPLEADO,IDCATEGORIAEMPLEADO,IDSUCURSAL)
	VALUES('1-8','Claudia','Olivares','Peñaloza','F','Chileno','2017-04-25',250000,'1980-11-08','S',,)

INSERT INTO EMPLEADO(
	RUNEMPLEADO,NOMBREEMPLEADO,APELLIDOEMPLEADO,APELLIDOMATERNO,GENERO,NACIONALIDAD,FECHACONTRATO,SUELDO,FECHANACIMIENTO,ESEMPLEADO,IDCATEGORIAEMPLEADO,IDSUCURSAL)
	VALUES('1-9','Bill','West','Williams','M','Chileno','2017-04-25',250000,'1980-12-09','S',,)

INSERT INTO EMPLEADO(
	RUNEMPLEADO,NOMBREEMPLEADO,APELLIDOEMPLEADO,APELLIDOMATERNO,GENERO,NACIONALIDAD,FECHACONTRATO,SUELDO,FECHANACIMIENTO,ESEMPLEADO,IDCATEGORIAEMPLEADO,IDSUCURSAL)
	VALUES('1-K','Roberta','Muñoz','Escobar','F','Chileno','2017-04-25',450000,'1980-12-10','S',,)

INSERT INTO EMPLEADO(
	RUNEMPLEADO,NOMBREEMPLEADO,APELLIDOEMPLEADO,APELLIDOMATERNO,GENERO,NACIONALIDAD,FECHACONTRATO,SUELDO,FECHANACIMIENTO,ESEMPLEADO,IDCATEGORIAEMPLEADO,IDSUCURSAL)
	VALUES('2-1','Juan','Toro','Molina','M','Chileno','2017-04-25',450000,'1980-12-11','S',,)

INSERT INTO EMPLEADO(
	RUNEMPLEADO,NOMBREEMPLEADO,APELLIDOEMPLEADO,APELLIDOMATERNO,GENERO,NACIONALIDAD,FECHACONTRATO,SUELDO,FECHANACIMIENTO,ESEMPLEADO,IDCATEGORIAEMPLEADO,IDSUCURSAL)
	VALUES('2-2','Alejandra','Arismendi','Seguel','F','Chileno','2017-04-25',450000,'1980-11-12','S',,)

INSERT INTO EMPLEADO(
	RUNEMPLEADO,NOMBREEMPLEADO,APELLIDOEMPLEADO,APELLIDOMATERNO,GENERO,NACIONALIDAD,FECHACONTRATO,SUELDO,FECHANACIMIENTO,ESEMPLEADO,IDCATEGORIAEMPLEADO,IDSUCURSAL)
	VALUES('2-3','Ricardo','Roth','Peralta','M','Chileno','2017-04-25',450000,'1984-09-13','S',,)

INSERT INTO EMPLEADO(
	RUNEMPLEADO,NOMBREEMPLEADO,APELLIDOEMPLEADO,APELLIDOMATERNO,GENERO,NACIONALIDAD,FECHACONTRATO,SUELDO,FECHANACIMIENTO,ESEMPLEADO,IDCATEGORIAEMPLEADO,IDSUCURSAL)
	VALUES('2-4','Macarena','Sanchez','Rivera','F','Chileno','2017-04-25',750000,'1982-08-14','S',,)

INSERT INTO EMPLEADO(
	RUNEMPLEADO,NOMBREEMPLEADO,APELLIDOEMPLEADO,APELLIDOMATERNO,GENERO,NACIONALIDAD,FECHACONTRATO,SUELDO,FECHANACIMIENTO,ESEMPLEADO,IDCATEGORIAEMPLEADO,IDSUCURSAL)
	VALUES('2-5','Ricardo','Silva','Blanco','M','Chileno','2017-04-25',750000,'1988-02-15','S',,)

INSERT INTO EMPLEADO(
	RUNEMPLEADO,NOMBREEMPLEADO,APELLIDOEMPLEADO,APELLIDOMATERNO,GENERO,NACIONALIDAD,FECHACONTRATO,SUELDO,FECHANACIMIENTO,ESEMPLEADO,IDCATEGORIAEMPLEADO,IDSUCURSAL)
	VALUES('2-6','Patricia','Fernandez','Meza','F','Chileno','2017-04-25',750000,'1980-04-16','S',,)

INSERT INTO EMPLEADO(
	RUNEMPLEADO,NOMBREEMPLEADO,APELLIDOEMPLEADO,APELLIDOMATERNO,GENERO,NACIONALIDAD,FECHACONTRATO,SUELDO,FECHANACIMIENTO,ESEMPLEADO,IDCATEGORIAEMPLEADO,IDSUCURSAL)
	VALUES('2-7','Jose','Pizarro','Lopez','M','Chileno','2017-04-25',750000,'1980-05-17','S',,)

INSERT INTO EMPLEADO(
	RUNEMPLEADO,NOMBREEMPLEADO,APELLIDOEMPLEADO,APELLIDOMATERNO,GENERO,NACIONALIDAD,FECHACONTRATO,SUELDO,FECHANACIMIENTO,ESEMPLEADO,IDCATEGORIAEMPLEADO,IDSUCURSAL)
	VALUES('2-8','Ivan','Gutierrez','Tapia','M','Chileno','2017-04-25',750000,'1980-07-18','S',,)

INSERT INTO EMPLEADO(
	RUNEMPLEADO,NOMBREEMPLEADO,APELLIDOEMPLEADO,APELLIDOMATERNO,GENERO,NACIONALIDAD,FECHACONTRATO,SUELDO,FECHANACIMIENTO,ESEMPLEADO,IDCATEGORIAEMPLEADO,IDSUCURSAL)
	VALUES('2-9','Fernanda','Salinas','Vallejos','F','Chileno','2017-04-25',820000,'1988-07-19','S',,)

INSERT INTO EMPLEADO(
	RUNEMPLEADO,NOMBREEMPLEADO,APELLIDOEMPLEADO,APELLIDOMATERNO,GENERO,NACIONALIDAD,FECHACONTRATO,SUELDO,FECHANACIMIENTO,ESEMPLEADO,IDCATEGORIAEMPLEADO,IDSUCURSAL)
	VALUES('2-K','Carlos','Riquelme','Palominos','M','Chileno','2017-04-25',820000,'1989-06-20','S',,)

INSERT INTO EMPLEADO(
	RUNEMPLEADO,NOMBREEMPLEADO,APELLIDOEMPLEADO,APELLIDOMATERNO,GENERO,NACIONALIDAD,FECHACONTRATO,SUELDO,FECHANACIMIENTO,ESEMPLEADO,IDCATEGORIAEMPLEADO,IDSUCURSAL)
	VALUES('3-1','Carlos','Lizana','Correa','M','Chileno','2017-04-25',820000,'1988-09-21','S',,)

INSERT INTO EMPLEADO(
	RUNEMPLEADO,NOMBREEMPLEADO,APELLIDOEMPLEADO,APELLIDOMATERNO,GENERO,NACIONALIDAD,FECHACONTRATO,SUELDO,FECHANACIMIENTO,ESEMPLEADO,IDCATEGORIAEMPLEADO,IDSUCURSAL)
	VALUES('3-2','Juan','Miranda','Martinez','M','Chileno','2017-04-25',820000,'1986-01-22','S',,)

INSERT INTO EMPLEADO(
	RUNEMPLEADO,NOMBREEMPLEADO,APELLIDOEMPLEADO,APELLIDOMATERNO,GENERO,NACIONALIDAD,FECHACONTRATO,SUELDO,FECHANACIMIENTO,ESEMPLEADO,IDCATEGORIAEMPLEADO,IDSUCURSAL)
	VALUES('3-3','Jose','Almuna','Gonzalez','M','Chileno','2017-04-25',820000,'1987-01-23','S',,)

INSERT INTO EMPLEADO(
	RUNEMPLEADO,NOMBREEMPLEADO,APELLIDOEMPLEADO,APELLIDOMATERNO,GENERO,NACIONALIDAD,FECHACONTRATO,SUELDO,FECHANACIMIENTO,ESEMPLEADO,IDCATEGORIAEMPLEADO,IDSUCURSAL)
	VALUES('3-4','Juan','Rubio','Frei','M','Chileno','2017-04-25',820000,'1985-02-24','S',,)

INSERT INTO EMPLEADO(
	RUNEMPLEADO,NOMBREEMPLEADO,APELLIDOEMPLEADO,APELLIDOMATERNO,GENERO,NACIONALIDAD,FECHACONTRATO,SUELDO,FECHANACIMIENTO,ESEMPLEADO,IDCATEGORIAEMPLEADO,IDSUCURSAL)
	VALUES('3-5','Pedro','Villalobos','Mora','M','Chileno','2017-04-25',820000,'1984-02-25','S',,)

INSERT INTO EMPLEADO(
	RUNEMPLEADO,NOMBREEMPLEADO,APELLIDOEMPLEADO,APELLIDOMATERNO,GENERO,NACIONALIDAD,FECHACONTRATO,SUELDO,FECHANACIMIENTO,ESEMPLEADO,IDCATEGORIAEMPLEADO,IDSUCURSAL)
	VALUES('3-6','Ivan','Vera','Riquelme','M','Chileno','2017-04-25',820000,'1983-03-26','S',,)

INSERT INTO EMPLEADO(
	RUNEMPLEADO,NOMBREEMPLEADO,APELLIDOEMPLEADO,APELLIDOMATERNO,GENERO,NACIONALIDAD,FECHACONTRATO,SUELDO,FECHANACIMIENTO,ESEMPLEADO,IDCATEGORIAEMPLEADO,IDSUCURSAL)
	VALUES('3-7','Ricardo','Vergara','Vergara','M','Chileno','2017-04-25','1980-08-27','S',,)

INSERT INTO EMPLEADO(
	RUNEMPLEADO,NOMBREEMPLEADO,APELLIDOEMPLEADO,APELLIDOMATERNO,GENERO,NACIONALIDAD,FECHACONTRATO,SUELDO,FECHANACIMIENTO,ESEMPLEADO,IDCATEGORIAEMPLEADO,IDSUCURSAL)
	VALUES('3-8','Felipe','Lagos','Rios','M','Chileno','2017-04-25',820000,'1988-09-28','S',,)

INSERT INTO EMPLEADO(
	RUNEMPLEADO,NOMBREEMPLEADO,APELLIDOEMPLEADO,APELLIDOMATERNO,GENERO,NACIONALIDAD,FECHACONTRATO,SUELDO,FECHANACIMIENTO,ESEMPLEADO,IDCATEGORIAEMPLEADO,IDSUCURSAL)
	VALUES('3-9','Claudia','Morales','Olivos','F','Chileno','2017-04-25',820000,'1989-11-29','S',,)

INSERT INTO EMPLEADO(
	RUNEMPLEADO,NOMBREEMPLEADO,APELLIDOEMPLEADO,APELLIDOMATERNO,GENERO,NACIONALIDAD,FECHACONTRATO,SUELDO,FECHANACIMIENTO,ESEMPLEADO,IDCATEGORIAEMPLEADO,IDSUCURSAL)
	VALUES('3-K','Tomas','Alvear','Montt','M','Chileno','2017-04-25',900000,'1986-12-30','S',,)

INSERT INTO EMPLEADO(
	RUNEMPLEADO,NOMBREEMPLEADO,APELLIDOEMPLEADO,APELLIDOMATERNO,GENERO,NACIONALIDAD,FECHACONTRATO,SUELDO,FECHANACIMIENTO,ESEMPLEADO,IDCATEGORIAEMPLEADO,IDSUCURSAL)
	VALUES('4-1','Juan','Diaz','Carrera','M','Chileno','2017-04-25',900000,'1980-08-31','S',,)

INSERT INTO EMPLEADO(
	RUNEMPLEADO,NOMBREEMPLEADO,APELLIDOEMPLEADO,APELLIDOMATERNO,GENERO,NACIONALIDAD,FECHACONTRATO,SUELDO,FECHANACIMIENTO,ESEMPLEADO,IDCATEGORIAEMPLEADO,IDSUCURSAL)
	VALUES('4-2','Pedro','Contador','Fuentes','M','Chileno','2017-04-25',1800000,'1981-03-01','S',,)

INSERT INTO EMPLEADO(
	RUNEMPLEADO,NOMBREEMPLEADO,APELLIDOEMPLEADO,APELLIDOMATERNO,GENERO,NACIONALIDAD,FECHACONTRATO,SUELDO,FECHANACIMIENTO,ESEMPLEADO,IDCATEGORIAEMPLEADO,IDSUCURSAL)
	VALUES('4-3','Pedro','Torres','Subercaseux','M','Chileno','2017-04-25',1800000,'1986-11-02','S',,)

INSERT INTO EMPLEADO(
	RUNEMPLEADO,NOMBREEMPLEADO,APELLIDOEMPLEADO,APELLIDOMATERNO,GENERO,NACIONALIDAD,FECHACONTRATO,SUELDO,FECHANACIMIENTO,ESEMPLEADO,IDCATEGORIAEMPLEADO,IDSUCURSAL)
	VALUES('4-4','Francisco','Herrera','Cotapos','M','Chileno','2017-04-25',1800000,'1988-04-03','S',,)
INSERT INTO EMPLEADO(
	RUNEMPLEADO,NOMBREEMPLEADO,APELLIDOEMPLEADO,APELLIDOMATERNO,GENERO,NACIONALIDAD,FECHACONTRATO,SUELDO,FECHANACIMIENTO,ESEMPLEADO,IDCATEGORIAEMPLEADO,IDSUCURSAL)
	VALUES('4-5','Raimundo','Cerda','Flores','M','Chileno','2017-04-25',1800000,'1988-06-04','S',,)

INSERT INTO EMPLEADO(
	RUNEMPLEADO,NOMBREEMPLEADO,APELLIDOEMPLEADO,APELLIDOMATERNO,GENERO,NACIONALIDAD,FECHACONTRATO,SUELDO,FECHANACIMIENTO,ESEMPLEADO,IDCATEGORIAEMPLEADO,IDSUCURSAL)
	VALUES('4-6','Joaquin','Nuñez','Castillo','M','Chileno','2017-04-25',1800000,'1989-07-05','S',,)

INSERT INTO EMPLEADO(
	RUNEMPLEADO,NOMBREEMPLEADO,APELLIDOEMPLEADO,APELLIDOMATERNO,GENERO,NACIONALIDAD,FECHACONTRATO,SUELDO,FECHANACIMIENTO,ESEMPLEADO,IDCATEGORIAEMPLEADO,IDSUCURSAL)
	VALUES('4-7','Dagoberto',' Cifuentes','Palma','M','Chileno','2017-04-25',1800000,'1990-05-06','S',,)

INSERT INTO EMPLEADO(
	RUNEMPLEADO,NOMBREEMPLEADO,APELLIDOEMPLEADO,APELLIDOMATERNO,GENERO,NACIONALIDAD,FECHACONTRATO,SUELDO,FECHANACIMIENTO,ESEMPLEADO,IDCATEGORIAEMPLEADO,IDSUCURSAL)
	VALUES('4-8','Simona','Martinez','Diaz','F','Chileno','2017-04-25',1800000,'1992-06-07','S',,)

INSERT INTO EMPLEADO(
	RUNEMPLEADO,NOMBREEMPLEADO,APELLIDOEMPLEADO,APELLIDOMATERNO,GENERO,NACIONALIDAD,FECHACONTRATO,SUELDO,FECHANACIMIENTO,ESEMPLEADO,IDCATEGORIAEMPLEADO,IDSUCURSAL)
	VALUES('4-9','Rolando','Aburto','Olivares','M','Chileno','2017-04-25',2500000,'1989-06-27','S',,)

INSERT INTO FACTURA(rutFactura,fechaEmision,fechaVencimiento,direccion,ciudad,comuna,runEmpleado)
VALUES('1-1','25/08/17','25/11/17','San Joaquin 5555','Santiago','Los Patitos','2-9');

INSERT INTO FACTURA(rutFactura,fechaEmision,fechaVencimiento,direccion,ciudad,comuna,runEmpleado)
VALUES('1-2','25/08/17','25/11/17','San Joaquin 5555','Santiago','Los Patitos','2-9');

INSERT INTO FACTURA(rutFactura,fechaEmision,fechaVencimiento,direccion,ciudad,comuna,runEmpleado)
VALUES('1-3','25/08/17','25/11/17','San Joaquin 5555','Santiago','Los Patitos','2-9');

INSERT INTO FACTURA(rutFactura,fechaEmision,fechaVencimiento,direccion,ciudad,comuna,runEmpleado)
VALUES('1-4','25/08/17','25/11/17','San Joaquin 5555','Santiago','Los Patitos','2-9');

INSERT INTO FACTURA(rutFactura,fechaEmision,fechaVencimiento,direccion,ciudad,comuna,runEmpleado)
VALUES('1-5','25/08/17','25/11/17','San Joaquin 5555','Santiago','Los Patitos','2-9');

INSERT INTO FACTURA(rutFactura,fechaEmision,fechaVencimiento,direccion,ciudad,comuna,runEmpleado)
VALUES('1-6','01/07/17','01/10/17','San Joaquin 5555','Santiago','Los Patitos','2-9');

INSERT INTO FACTURA(rutFactura,fechaEmision,fechaVencimiento,direccion,ciudad,comuna,runEmpleado)
VALUES('1-7','01/07/17','01/10/17','San Joaquin 5555','Santiago','Los Patitos','2-9');

INSERT INTO FACTURA(rutFactura,fechaEmision,fechaVencimiento,direccion,ciudad,comuna,runEmpleado)
VALUES('1-8','01/07/17','01/10/17','San Joaquin 5555','Santiago','Los Patitos','2-9');

INSERT INTO FACTURA(rutFactura,fechaEmision,fechaVencimiento,direccion,ciudad,comuna,runEmpleado)
VALUES('1-9','01/07/17','01/10/17','San Joaquin 5555','Santiago','Los Patitos','2-9');

INSERT INTO FACTURA(rutFactura,fechaEmision,fechaVencimiento,direccion,ciudad,comuna,runEmpleado)
VALUES('1-10','01/07/17','01/10/17','San Joaquin 5555','Santiago','Los Patitos','2-9');

INSERT INTO FACTURA(rutFactura,fechaEmision,fechaVencimiento,direccion,ciudad,comuna,runEmpleado)
VALUES('1-11','15/09/17','15/12/17','San Joaquin 5555','Santiago','Los Patitos','4-3');

INSERT INTO FACTURA(rutFactura,fechaEmision,fechaVencimiento,direccion,ciudad,comuna,runEmpleado)
VALUES('1-12','15/09/17','15/12/17','San Joaquin 5555','Santiago','Los Patitos','4-3');

INSERT INTO FACTURA(rutFactura,fechaEmision,fechaVencimiento,direccion,ciudad,comuna,runEmpleado)
VALUES('1-13','15/09/17','15/12/17','San Joaquin 5555','Santiago','Los Patitos','4-3');

INSERT INTO FACTURA(rutFactura,fechaEmision,fechaVencimiento,direccion,ciudad,comuna,runEmpleado)
VALUES('1-14','15/09/17','15/12/17','San Joaquin 5555','Santiago','Los Patitos','4-3');

INSERT INTO FACTURA(rutFactura,fechaEmision,fechaVencimiento,direccion,ciudad,comuna,runEmpleado)
VALUES('1-15','15/09/17','15/12/17','San Joaquin 5555','Santiago','Los Patitos','4-3');

INSERT INTO FACTURA(rutFactura,fechaEmision,fechaVencimiento,direccion,ciudad,comuna,runEmpleado)
VALUES('1-16','15/09/17','15/12/17','San Joaquin 5555','Santiago','Los Patitos','4-3');

INSERT INTO FACTURA(rutFactura,fechaEmision,fechaVencimiento,direccion,ciudad,comuna,runEmpleado)
VALUES('1-17','15/09/17','15/12/17','San Joaquin 5555','Santiago','Los Patitos','4-3');

INSERT INTO FACTURA(rutFactura,fechaEmision,fechaVencimiento,direccion,ciudad,comuna,runEmpleado)
VALUES('1-18','15/09/17','15/12/17','San Joaquin 5555','Santiago','Los Patitos','4-3');

INSERT INTO FACTURA(rutFactura,fechaEmision,fechaVencimiento,direccion,ciudad,comuna,runEmpleado)
VALUES('1-19','15/09/17','15/12/17','San Joaquin 5555','Santiago','Los Patitos','4-3');

INSERT INTO FACTURA(rutFactura,fechaEmision,fechaVencimiento,direccion,ciudad,comuna,runEmpleado)
VALUES('1-20','15/09/17','15/12/17','San Joaquin 5555','Santiago','Los Patitos','4-3');

INSERT INTO FACTURA(rutFactura,fechaEmision,fechaVencimiento,direccion,ciudad,comuna,runEmpleado)
VALUES('1-22','20/08/17','20/11/17','Macul 34','Santiago','YOLOLO','3-7');

INSERT INTO FACTURA(rutFactura,fechaEmision,fechaVencimiento,direccion,ciudad,comuna,runEmpleado)
VALUES('1-21','20/08/17','20/11/17','Macul 34','Santiago','YOLOLO','3-7');

INSERT INTO FACTURA(rutFactura,fechaEmision,fechaVencimiento,direccion,ciudad,comuna,runEmpleado)
VALUES('1-23','20/08/17','20/11/17','Macul 34','Santiago','YOLOLO','3-7');

INSERT INTO FACTURA(rutFactura,fechaEmision,fechaVencimiento,direccion,ciudad,comuna,runEmpleado)
VALUES('1-24','20/08/17','20/11/17','Macul 34','Santiago','YOLOLO','3-7');

INSERT INTO FACTURA(rutFactura,fechaEmision,fechaVencimiento,direccion,ciudad,comuna,runEmpleado)
VALUES('1-25','20/08/17','20/11/17','Macul 34','Santiago','YOLOLO','3-7');

INSERT INTO FACTURA(rutFactura,fechaEmision,fechaVencimiento,direccion,ciudad,comuna,runEmpleado)
VALUES('1-26','20/08/17','20/11/17','Macul 34','Santiago','YOLOLO','3-7');

INSERT INTO FACTURA(rutFactura,fechaEmision,fechaVencimiento,direccion,ciudad,comuna,runEmpleado)
VALUES('1-27','20/08/17','20/11/17','Macul 34','Santiago','YOLOLO','3-7');

INSERT INTO FACTURA(rutFactura,fechaEmision,fechaVencimiento,direccion,ciudad,comuna,runEmpleado)
VALUES('1-28','20/08/17','20/11/17','Macul 34','Santiago','YOLOLO','3-7');

INSERT INTO FACTURA(rutFactura,fechaEmision,fechaVencimiento,direccion,ciudad,comuna,runEmpleado)
VALUES('1-29','20/08/17','20/11/17','Macul 34','Santiago','YOLOLO','3-7');

INSERT INTO FACTURA(rutFactura,fechaEmision,fechaVencimiento,direccion,ciudad,comuna,runEmpleado)
VALUES('1-30','20/08/17','20/11/17','Macul 34','Santiago','YOLOLO','3-7');

INSERT INTO FACTURA(rutFactura,fechaEmision,fechaVencimiento,direccion,ciudad,comuna,runEmpleado)
VALUES('1-31','29/08/17','29/11/17','Macul 34','Santiago','YOLOLO','3-7');

INSERT INTO FACTURA(rutFactura,fechaEmision,fechaVencimiento,direccion,ciudad,comuna,runEmpleado)
VALUES('1-32','29/08/17','29/11/17','Macul 34','Santiago','YOLOLO','3-7');

INSERT INTO FACTURA(rutFactura,fechaEmision,fechaVencimiento,direccion,ciudad,comuna,runEmpleado)
VALUES('1-33','29/08/17','29/11/17','Macul 34','Santiago','YOLOLO','3-7');

INSERT INTO FACTURA(rutFactura,fechaEmision,fechaVencimiento,direccion,ciudad,comuna,runEmpleado)
VALUES('1-34','29/08/17','29/11/17','Macul 34','Santiago','YOLOLO','3-7');

INSERT INTO FACTURA(rutFactura,fechaEmision,fechaVencimiento,direccion,ciudad,comuna,runEmpleado)
VALUES('1-35','29/08/17','29/11/17','Macul 34','Santiago','YOLOLO','3-7');

INSERT INTO FACTURA(rutFactura,fechaEmision,fechaVencimiento,direccion,ciudad,comuna,runEmpleado)
VALUES('1-36','29/08/17','29/11/17','Macul 34','Santiago','YOLOLO','3-7');

INSERT INTO FACTURA(rutFactura,fechaEmision,fechaVencimiento,direccion,ciudad,comuna,runEmpleado)
VALUES('1-37','29/08/17','29/11/17','Macul 34','Santiago','YOLOLO','3-7');

INSERT INTO FACTURA(rutFactura,fechaEmision,fechaVencimiento,direccion,ciudad,comuna,runEmpleado)
VALUES('1-38','29/08/17','29/11/17','Macul 34','Santiago','YOLOLO','3-7');

INSERT INTO FACTURA(rutFactura,fechaEmision,fechaVencimiento,direccion,ciudad,comuna,runEmpleado)
VALUES('1-39','29/08/17','29/11/17','Macul 34','Santiago','YOLOLO','3-7');

INSERT INTO FACTURA(rutFactura,fechaEmision,fechaVencimiento,direccion,ciudad,comuna,runEmpleado)
VALUES('1-40','29/08/17','29/11/17','Macul 34','Santiago','YOLOLO','3-7');

INSERT INTO DETALLE_FACTURA(cantidad,detalle,precioUnitario,total,idFactura)
VALUES(1,190,1000,1190,'1-1');

INSERT INTO DETALLE_FACTURA(cantidad,detalle,precioUnitario,total,idFactura)
VALUES(1,380,2000,2380,'1-2');

INSERT INTO DETALLE_FACTURA(cantidad,detalle,precioUnitario,total,idFactura)
VALUES(1,570,3000,3570,'1-3');

INSERT INTO DETALLE_FACTURA(cantidad,detalle,precioUnitario,total,idFactura)
VALUES(1,760,4000,4760,'1-4');

INSERT INTO DETALLE_FACTURA(cantidad,detalle,precioUnitario,total,idFactura)
VALUES(1,950,5000,5950,'1-5');

INSERT INTO DETALLE_FACTURA(cantidad,detalle,precioUnitario,total,idFactura)
VALUES(2,1140,6000,7140,'1-6');

INSERT INTO DETALLE_FACTURA(cantidad,detalle,precioUnitario,total,idFactura)
VALUES(2,1330,7000,8330,'1-7');

INSERT INTO DETALLE_FACTURA(cantidad,detalle,precioUnitario,total,idFactura)
VALUES(1,1520,8000,9529,'1-8');

INSERT INTO DETALLE_FACTURA(cantidad,detalle,precioUnitario,total,idFactura)
VALUES(1,1710,9000,10710,'1-9');

INSERT INTO DETALLE_FACTURA(cantidad,detalle,precioUnitario,total,idFactura)
VALUES(1,1900,10000,11900,'1-10');

INSERT INTO DETALLE_FACTURA(cantidad,detalle,precioUnitario,total,idFactura)
VALUES(1,2280,12000,14280,'1-11');

INSERT INTO DETALLE_FACTURA(cantidad,detalle,precioUnitario,total,idFactura)
VALUES(1,2660,14000,16660,'1-12');

INSERT INTO DETALLE_FACTURA(cantidad,detalle,precioUnitario,total,idFactura)
VALUES(3,3040,16000,19040,'1-13');

INSERT INTO DETALLE_FACTURA(cantidad,detalle,precioUnitario,total,idFactura)
VALUES(1,3420,18000,21420,'1-14');

INSERT INTO DETALLE_FACTURA(cantidad,detalle,precioUnitario,total,idFactura)
VALUES(1,3800,20000,23800,'1-15');

INSERT INTO DETALLE_FACTURA(cantidad,detalle,precioUnitario,total,idFactura)
VALUES(1,3990,21000,24990,'1-16');

INSERT INTO DETALLE_FACTURA(cantidad,detalle,precioUnitario,total,idFactura)
VALUES(1,4180,22000,26180,'1-17');

INSERT INTO DETALLE_FACTURA(cantidad,detalle,precioUnitario,total,idFactura)
VALUES(1,4370,23000,27370,'1-18');

INSERT INTO DETALLE_FACTURA(cantidad,detalle,precioUnitario,total,idFactura)
VALUES(2,4560,24000,28560,'1-19');

INSERT INTO DETALLE_FACTURA(cantidad,detalle,precioUnitario,total,idFactura)
VALUES(2,190,1000,1900,'1-20');

INSERT INTO DETALLE_FACTURA(cantidad,detalle,precioUnitario,total,idFactura)
VALUES(1,4750,25000,29750,'1-21');

INSERT INTO DETALLE_FACTURA(cantidad,detalle,precioUnitario,total,idFactura)
VALUES(1,4940,26000,30940,'1-22');

INSERT INTO DETALLE_FACTURA(cantidad,detalle,precioUnitario,total,idFactura)
VALUES(1,5130,27000,32130,'1-23');

INSERT INTO DETALLE_FACTURA(cantidad,detalle,precioUnitario,total,idFactura)
VALUES(1,5320,28000,33320,'1-24');

INSERT INTO DETALLE_FACTURA(cantidad,detalle,precioUnitario,total,idFactura)
VALUES(1,5510,29000,34510,'1-25');

INSERT INTO DETALLE_FACTURA(cantidad,detalle,precioUnitario,total,idFactura)
VALUES(3,5700,30000,35700,'1-26');

INSERT INTO DETALLE_FACTURA(cantidad,detalle,precioUnitario,total,idFactura)
VALUES(1,950,5000,5950,'1-27');

INSERT INTO DETALLE_FACTURA(cantidad,detalle,precioUnitario,total,idFactura)
VALUES(1,1900,10000,11900,'1-28');

INSERT INTO DETALLE_FACTURA(cantidad,detalle,precioUnitario,total,idFactura)
VALUES(1,2850,15000,17850,'1-29');

INSERT INTO DETALLE_FACTURA(cantidad,detalle,precioUnitario,total,idFactura)
VALUES(1,3800,20000,23800,'1-30');

INSERT INTO DETALLE_FACTURA(cantidad,detalle,precioUnitario,total,idFactura)
VALUES(1,4750,25000,29750,'1-31');

INSERT INTO DETALLE_FACTURA(cantidad,detalle,precioUnitario,total,idFactura)
VALUES(2,5700,30000,35700,'1-32');

INSERT INTO DETALLE_FACTURA(cantidad,detalle,precioUnitario,total,idFactura)
VALUES(2,760,4000,4760,'1-33');

INSERT INTO DETALLE_FACTURA(cantidad,detalle,precioUnitario,total,idFactura)
VALUES(1,2660,14000,16660,'1-34');

INSERT INTO DETALLE_FACTURA(cantidad,detalle,precioUnitario,total,idFactura)
VALUES(1,4560,24000,28560,'1-35');

INSERT INTO DETALLE_FACTURA(cantidad,detalle,precioUnitario,total,idFactura)
VALUES(1,380,2000,2380,'1-36');

INSERT INTO DETALLE_FACTURA(cantidad,detalle,precioUnitario,total,idFactura)
VALUES(1,2280,12000,14280,'1-37');

INSERT INTO DETALLE_FACTURA(cantidad,detalle,precioUnitario,total,idFactura)
VALUES(1,4180,22000,26180,'1-38');

INSERT INTO DETALLE_FACTURA(cantidad,detalle,precioUnitario,total,idFactura)
VALUES(3,19000,100000,119000,'1-39');

INSERT INTO DETALLE_FACTURA(cantidad,detalle,precioUnitario,total,idFactura)
VALUES(4,9500,50000,59500,'1-40');
