INSERT INTO PROVEEDOR(runProveedor,nombreProveedor,direccion,telefono,correo,celular,esCliente)
VALUES('15174255-6','La desconozida','Direccion 1','(2)-22938483','Correo1@gmail.com','(56)-93857394','1');

INSERT INTO PROVEEDOR(runProveedor,nombreProveedor,direccion,telefono,correo,celular,esCliente)
VALUES('57772225-0','La conozida','Los bambus','(2)-22374038','Correo2@gmail.com','(56)-99485859','1');

INSERT INTO PROVEEDOR(runProveedor,nombreProveedor,direccion,telefono,correo,celular,esCliente)
VALUES('23222118-6','1000 y 1 producto','las maletas','(2)-22837303','Correo3@gmail.com','(56)-99484720','1');

INSERT INTO PROVEEDOR(runProveedor,nombreProveedor,direccion,telefono,correo,celular,esCliente)
VALUES('86846386-4','Electrogar','avenida siempre viva 123','(2)-22837503','Correo4@gmail.com','(56)-90584759','1');

INSERT INTO PROVEEDOR(runProveedor,nombreProveedor,direccion,telefono,correo,celular,esCliente)
VALUES('78321865-8','Pengeuin food','eeuu 234','(2)-2223849483','Correo5@gmail.com','(56)-995847730','1');

INSERT INTO PROVEEDOR(runProveedor,nombreProveedor,direccion,telefono,correo,celular,esCliente)
VALUES('64375437-1','KKT','holywood 2384','(2)-2284750484','Correo6@gmail.com','(56)-90594837','1');

INSERT INTO PROVEEDOR(runProveedor,nombreProveedor,direccion,telefono,correo,celular,esCliente)
VALUES('64884963-K','Aguas Andinas','vespucio sur 23874','(2)-229484734','Correo7@gmail.com','(56)-98475039','1');

INSERT INTO PROVEEDOR(runProveedor,nombreProveedor,direccion,telefono,correo,celular,esCliente)
VALUES('55717574-1','Movistar','vespucio norte 12345','(2)-2284050383','Correo8@gmail.com','(56)-93628372','1');

INSERT INTO PROVEEDOR(runProveedor,nombreProveedor,direccion,telefono,correo,celular,esCliente)
VALUES('49658214-4','Netflix','vespucio este 2345','(2)-2284848484','Correo9@gmail.com','(56)-916384738','1');

INSERT INTO PROVEEDOR(runProveedor,nombreProveedor,direccion,telefono,correo,celular,esCliente)
VALUES('54117374-9','Windows Chile','vespucio oeste 234','(2)-2205739574','Correo10@gmail.com','(56)-92648504','1');

INSERT INTO PROVEEDOR(runProveedor,nombreProveedor,direccion,telefono,correo,celular,esCliente)
VALUES('66315831-7','Ilimitada','vespucio centro','(2)-2205938474','Correo11@gmail.com','(56)-92648504','1');

INSERT INTO PROVEEDOR(runProveedor,nombreProveedor,direccion,telefono,correo,celular,esCliente)
VALUES('39115859-2','SW Limitada','rotonda quilin 3e4','(2)-2294938383','Correo12@gmail.com','(56)-93847304','1');

INSERT INTO PROVEEDOR(runProveedor,nombreProveedor,direccion,telefono,correo,celular,esCliente)
VALUES('71563697-2','HW Limitada','los silvestres','(2)-2204948505','Correo13@gmail.com','(56)-98379483','1');

INSERT INTO PROVEEDOR(runProveedor,nombreProveedor,direccion,telefono,correo,celular,esCliente)
VALUES('91874521-1','Zafari 2052','el pino','(2)-2205058385','Correo14@gmail.com','(56)-9374837','1');

INSERT INTO PROVEEDOR(runProveedor,nombreProveedor,direccion,telefono,correo,celular,esCliente)
VALUES('14163475-5','Nerfea Esto','el trebol 2345','(2)-2273649585','Correo15@gmail.com','(56)-924287328','1');

INSERT INTO PROVEEDOR(runProveedor,nombreProveedor,direccion,telefono,correo,celular,esCliente)
VALUES('47696193-9','Soldados insumos','ñuñoa 2345','(2)-220593749','Correo16@gmail.com','(56)-93873874','1');

INSERT INTO PROVEEDOR(runProveedor,nombreProveedor,direccion,telefono,correo,celular,esCliente)
VALUES('15931819-2','Alimentos A','providencia 345','(2)-2274639684','Correo17@gmail.com','(56)-943893489','1');

INSERT INTO PROVEEDOR(runProveedor,nombreProveedor,direccion,telefono,correo,celular,esCliente)
VALUES('98734835-6','Alimentos B','antartica 23456','(2)-2284630693','Correo18@gmail.com','(56)-923904758','1');

INSERT INTO PROVEEDOR(runProveedor,nombreProveedor,direccion,telefono,correo,celular,esCliente)
VALUES('34258812-3','Alimentos C','isla de pascua 3456','(2)-22948594','Correo19@gmail.com','(56)-9348948','1');

INSERT INTO PROVEEDOR(runProveedor,nombreProveedor,direccion,telefono,correo,celular,esCliente)
VALUES('66226157-2','Alimentos ABC','san joaquin 23456','(2)-22747494','Correo20@gmail.com','(56)-939473','1');

INSERT INTO PROVEEDOR(runProveedor,nombreProveedor,direccion,telefono,correo,celular,esCliente)
VALUES('64963162-K','Tecno niña','san joaquin 23456','(2)-22948475','Correo21@gmail.com','(56)-93947833','1');

INSERT INTO PROVEEDOR(runProveedor,nombreProveedor,direccion,telefono,correo,celular,esCliente)
VALUES('93432784-5','Tecno Niño','san joaquin 234567','(2)-22847494','Correo22@gmail.com','(56)-9923837','1');

INSERT INTO PROVEEDOR(runProveedor,nombreProveedor,direccion,telefono,correo,celular,esCliente)
VALUES('87712735-4','Storm object','mercurio','(2)-22958404','Correo23@gmail.com','(56)-99338245','0');

INSERT INTO PROVEEDOR(runProveedor,nombreProveedor,direccion,telefono,correo,celular,esCliente)
VALUES('87592348-K','PC Factory','tulipanes 3784','(2)-22948474','Correo24@gmail.com','(56)-9983727','0');

INSERT INTO PROVEEDOR(runProveedor,nombreProveedor,direccion,telefono,correo,celular,esCliente)
VALUES('84461832-8','EASY','flor del pajaro 345','(2)-22847595','Correo25@gmail.com','(56)-99398483','0');

INSERT INTO PROVEEDOR(runProveedor,nombreProveedor,direccion,telefono,correo,celular,esCliente)
VALUES('38127471-3','Sodimac','benjamin 234567','(2)-22847494','Correo26@gmail.com','(56)-9938473','0');

INSERT INTO PROVEEDOR(runProveedor,nombreProveedor,direccion,telefono,correo,celular,esCliente)
VALUES('75483592-3','Lider','providencia 334','(2)-22948474','Correo27@gmail.com','(56)-9893838','1');

INSERT INTO PROVEEDOR(runProveedor,nombreProveedor,direccion,telefono,correo,celular,esCliente)
VALUES('19441574-5','Falabela','providencia 345','(2)-22948474','Correo28@gmail.com','(56)-9938473','1');

INSERT INTO PROVEEDOR(runProveedor,nombreProveedor,direccion,telefono,correo,celular,esCliente)
VALUES('35747757-3','ZMART','tobalaba 345','(2)-22847575','Correo29@gmail.com','(56)-993837323','1');

INSERT INTO PROVEEDOR(runProveedor,nombreProveedor,direccion,telefono,correo,celular,esCliente)
VALUES('88988935-7','Antartica Libros',' tobalaba 34','(2)-22718981','Correo30@gmail.com','(56)-9837262','1');

INSERT INTO PROVEEDOR(runProveedor,nombreProveedor,direccion,telefono,correo,celular,esCliente)
VALUES('33892721-5','MC Donalds','tobalaba 34','(2)-22744981','Correo31@gmail.com','(56)-9938473','1');

INSERT INTO PROVEEDOR(runProveedor,nombreProveedor,direccion,telefono,correo,celular,esCliente)
VALUES('14574214-5','Comida Verder','ahhhh','(2)-22648981','Correo32@gmail.com','(56)-98937327','1');

INSERT INTO PROVEEDOR(runProveedor,nombreProveedor,direccion,telefono,correo,celular,esCliente)
VALUES('63222291-2','Comida Roja','EEUU 24','(2)-26518981','Correo33@gmail.com','(56)-9938473','1');

INSERT INTO PROVEEDOR(runProveedor,nombreProveedor,direccion,telefono,correo,celular,esCliente)
VALUES('92689115-4','Licencias','Brazil 345','(2)-22734981','Correo34@gmail.com','(56)-9938473','1');

INSERT INTO PROVEEDOR(runProveedor,nombreProveedor,direccion,telefono,correo,celular,esCliente)
VALUES('12256892-K','......','Chile 345','(2)-22373949','Correo35@gmail.com','(56)-993734763','1');

INSERT INTO PROVEEDOR(runProveedor,nombreProveedor,direccion,telefono,correo,celular,esCliente)
VALUES('98446964-0','Paradiso','pedrocito','(2)-22938483','Correo36@gmail.com','(56)-9837362','1');

INSERT INTO PROVEEDOR(runProveedor,nombreProveedor,direccion,telefono,correo,celular,esCliente)
VALUES('56375898-8','Paris','avenida brazil 34','(2)-22949383','Correo37@gmail.com','(56)-9837362','1');

INSERT INTO PROVEEDOR(runProveedor,nombreProveedor,direccion,telefono,correo,celular,esCliente)
VALUES('61249842-3','Meteo red','sin ideas','(2)-22938304','Correo38@gmail.com','(56)-983736','1');

INSERT INTO PROVEEDOR(runProveedor,nombreProveedor,direccion,telefono,correo,celular,esCliente)
VALUES('71585565-8','Nerf','git es la luz','(2)-22038394','Correo39@gmail.com','(56)-938737823','1');

INSERT INTO PROVEEDOR(runProveedor,nombreProveedor,direccion,telefono,correo,celular,esCliente)
VALUES('31965863-7','Bar de Moe','git hub tambien','(2)-22847520','Correo40@gmail.com','(56)-9938378','1');

INSERT INTO ENCARGADO_VENTA(runEncargado,nombreEncargado,correo,celular)
VALUES('6593924-k','Angelo Candia','correoEncargadoVenta1@gmail.com','(56)-9394847')

INSERT INTO ENCARGADO_VENTA(runEncargado,nombreEncargado,correo,celular)
VALUES('6205056-k','Rolando Aburto','correoEncargadoVenta2@gmail.com','(56)-9384509')

INSERT INTO ENCARGADO_VENTA(runEncargado,nombreEncargado,correo,celular)
VALUES('7966836-2','Benjamin Matamoros','correoEncargadoVenta3@gmail.com','(56)-9394857')

INSERT INTO ENCARGADO_VENTA(runEncargado,nombreEncargado,correo,celular)
VALUES('24085847-9','Jose Contreras','correoEncargadoVenta4@gmail.com','(56)-946589367')

INSERT INTO ENCARGADO_VENTA(runEncargado,nombreEncargado,correo,celular)
VALUES('10458280-k','Rafaella Candia','correoEncargadoVenta5@gmail.com','(56)-9837843')

INSERT INTO ENCARGADO_VENTA(runEncargado,nombreEncargado,correo,celular)
VALUES('16553169-8','Koku','correoEncargadoVenta6@gmail.com','(56)-94378734')

INSERT INTO ENCARGADO_VENTA(runEncargado,nombreEncargado,correo,celular)
VALUES('22387442-8','Oliver rios','correoEncargadoVenta7@gmail.com','(56)-9387483')

INSERT INTO ENCARGADO_VENTA(runEncargado,nombreEncargado,correo,celular)
VALUES('20976902-6','Daniel Vergara','correoEncargadoVenta8@gmail.com','(56)-938938938')

INSERT INTO ENCARGADO_VENTA(runEncargado,nombreEncargado,correo,celular)
VALUES('17926955-4','Francisco gallardo','correoEncargadoVenta9@gmail.com','(56)-93878347')

INSERT INTO ENCARGADO_VENTA(runEncargado,nombreEncargado,correo,celular)
VALUES('8206474-5','Cindy Contador','correoEncargadoVenta10@gmail.com','(56)-987384783')

INSERT INTO ENCARGADO_VENTA(runEncargado,nombreEncargado,correo,celular)
VALUES('20884039-8','Fabian Miranda','correoEncargadoVenta11@gmail.com','(56)-994739')

INSERT INTO ENCARGADO_VENTA(runEncargado,nombreEncargado,correo,celular)
VALUES('17585123-2','Michelle no bachelet','correoEncargadoVenta12@gmail.com','(56)-98374878347')

INSERT INTO ENCARGADO_VENTA(runEncargado,nombreEncargado,correo,celular)
VALUES('10186316-6','Pepe patea traseros','correoEncargadoVenta13@gmail.com','(56)-939849843')

INSERT INTO ENCARGADO_VENTA(runEncargado,nombreEncargado,correo,celular)
VALUES('16515224-7','Ned Flander','correoEncargadoVenta14@gmail.com','(56)-99339849')

INSERT INTO ENCARGADO_VENTA(runEncargado,nombreEncargado,correo,celular)
VALUES('22877207-0','Lisa simpson','correoEncargadoVenta15@gmail.com','(56)-9837837')

INSERT INTO ENCARGADO_VENTA(runEncargado,nombreEncargado,correo,celular)
VALUES('16205575-5','Max Power','correoEncargadoVenta16@gmail.com','(56)-9387438')

INSERT INTO ENCARGADO_VENTA(runEncargado,nombreEncargado,correo,celular)
VALUES('6300496-0','Max Power 2','correoEncargadoVenta17@gmail.com','(56)-9398943898')

INSERT INTO ENCARGADO_VENTA(runEncargado,nombreEncargado,correo,celular)
VALUES('6698767-1','Oliver Aton','correoEncargadoVenta18@gmail.com','(56)-99389348')

INSERT INTO ENCARGADO_VENTA(runEncargado,nombreEncargado,correo,celular)
VALUES('23474345-7','Jerry smith','correoEncargadoVenta19@gmail.com','(56)-9928398')

INSERT INTO ENCARGADO_VENTA(runEncargado,nombreEncargado,correo,celular)
VALUES('16443983-6','Summer winter','correoEncargadoVenta20@gmail.com','(56)-985789547')

INSERT INTO ENCARGADO_VENTA(runEncargado,nombreEncargado,correo,celular)
VALUES('10787727-4','iseufhsih','correoEncargadoVenta21@gmail.com','(56)-99784839')

INSERT INTO ENCARGADO_VENTA(runEncargado,nombreEncargado,correo,celular)
VALUES('15953250-k','sfuhseifhsf','correoEncargadoVenta22@gmail.com','(56)-90389948')

INSERT INTO ENCARGADO_VENTA(runEncargado,nombreEncargado,correo,celular)
VALUES('20597206-4','Vivanco Tapia','correoEncargadoVenta23@gmail.com','(56)-93874837')

INSERT INTO ENCARGADO_VENTA(runEncargado,nombreEncargado,correo,celular)
VALUES('7408934-8','Arland Michellena','correoEncargadoVenta24@gmail.com','(56)-9938984')

INSERT INTO ENCARGADO_VENTA(runEncargado,nombreEncargado,correo,celular)
VALUES('19607907-6','Tipo de abajao','correoEncargadoVenta25@gmail.com','(56)-998394839')

INSERT INTO ENCARGADO_VENTA(runEncargado,nombreEncargado,correo,celular)
VALUES('5161089-k','Morgana flin','correoEncargadoVenta26@gmail.com','(56)-989879384')

INSERT INTO ENCARGADO_VENTA(runEncargado,nombreEncargado,correo,celular)
VALUES('9568174-3','Futaba sakura','correoEncargadoVenta27@gmail.com','(56)-993849')

INSERT INTO ENCARGADO_VENTA(runEncargado,nombreEncargado,correo,celular)
VALUES('16217783-4','Ann flores','correoEncargadoVenta28@gmail.com','(56)-93874837')

INSERT INTO ENCARGADO_VENTA(runEncargado,nombreEncargado,correo,celular)
VALUES('10944674-2','Buho','correoEncargadoVenta29@gmail.com','(56)-926536253')

INSERT INTO ENCARGADO_VENTA(runEncargado,nombreEncargado,correo,celular)
VALUES('18591719-3','Perro','correoEncargadoVenta30@gmail.com','(56)-983787')

INSERT INTO ENCARGADO_VENTA(runEncargado,nombreEncargado,correo,celular)
VALUES('9887457-7','Gato','correoEncargadoVenta31@gmail.com','(56)-9376476736')

INSERT INTO ENCARGADO_VENTA(runEncargado,nombreEncargado,correo,celular)
VALUES('18599036-2','Michael de Santa','correoEncargadoVenta32@gmail.com','(56)-987387348')

INSERT INTO ENCARGADO_VENTA(runEncargado,nombreEncargado,correo,celular)
VALUES('22192193-3','CJ','correoEncargadoVenta33@gmail.com','(56)-97363342')

INSERT INTO ENCARGADO_VENTA(runEncargado,nombreEncargado,correo,celular)
VALUES('15238495-5','Jesus','correoEncargadoVenta34@gmail.com','(56)-9376763')

INSERT INTO ENCARGADO_VENTA(runEncargado,nombreEncargado,correo,celular)
VALUES('16808844-2','No jesus','correoEncargadoVenta35@gmail.com','(56)-9387438')

INSERT INTO ENCARGADO_VENTA(runEncargado,nombreEncargado,correo,celular)
VALUES('15605131-4','Claudio contreras','correoEncargadoVenta36@gmail.com','(56)-9387483478')

INSERT INTO ENCARGADO_VENTA(runEncargado,nombreEncargado,correo,celular)
VALUES('21320904-3','Miguel','correoEncargadoVenta37@gmail.com','(56)-9487834758')

INSERT INTO ENCARGADO_VENTA(runEncargado,nombreEncargado,correo,celular)
VALUES('6991844-1','Tapia','correoEncargadoVenta38@gmail.com','(56)-9384787')

INSERT INTO ENCARGADO_VENTA(runEncargado,nombreEncargado,correo,celular)
VALUES('16740949-0','Alexander Candia','correoEncargadoVenta39@gmail.com','(56)-98374837')

INSERT INTO ENCARGADO_VENTA(runEncargado,nombreEncargado,correo,celular)
VALUES('10001851-9','YO','correoEncargadoVenta40@gmail.com','(56)-98374837')

INSERT INTO SUCURSAL(nombreSucursal,direccion,telefono,correo,idEncargado,)
VALUES('Comercial 2A Los Libertadores','Los Libertadores 2540','225578578','comercial24@gmail.com',1);


INSERT INTO ENCARGADO_COMPRA(runEncargado,nombreEncargado,correo,celular)
VALUES('6593924-k','Angelo Candia','correoEncargadoVenta1@gmail.com','(56)-9394847')

INSERT INTO ENCARGADO_COMPRA(runEncargado,nombreEncargado,correo,celular)
VALUES('6205056-k','Rolando Aburto','correoEncargadoVenta2@gmail.com','(56)-9384509')

INSERT INTO ENCARGADO_COMPRA(runEncargado,nombreEncargado,correo,celular)
VALUES('7966836-2','Benjamin Matamoros','correoEncargadoVenta3@gmail.com','(56)-9394857')

INSERT INTO ENCARGADO_COMPRA(runEncargado,nombreEncargado,correo,celular)
VALUES('24085847-9','Jose Contreras','correoEncargadoVenta4@gmail.com','(56)-946589367')

INSERT INTO ENCARGADO_COMPRA(runEncargado,nombreEncargado,correo,celular)
VALUES('10458280-k','Rafaella Candia','correoEncargadoVenta5@gmail.com','(56)-9837843')

INSERT INTO ENCARGADO_COMPRA(runEncargado,nombreEncargado,correo,celular)
VALUES('16553169-8','Koku','correoEncargadoVenta6@gmail.com','(56)-94378734')

INSERT INTO ENCARGADO_COMPRA(runEncargado,nombreEncargado,correo,celular)
VALUES('22387442-8','Oliver rios','correoEncargadoVenta7@gmail.com','(56)-9387483')

INSERT INTO ENCARGADO_COMPRA(runEncargado,nombreEncargado,correo,celular)
VALUES('20976902-6','Daniel Vergara','correoEncargadoVenta8@gmail.com','(56)-938938938')

INSERT INTO ENCARGADO_COMPRA(runEncargado,nombreEncargado,correo,celular)
VALUES('17926955-4','Francisco gallardo','correoEncargadoVenta9@gmail.com','(56)-93878347')

INSERT INTO ENCARGADO_COMPRA(runEncargado,nombreEncargado,correo,celular)
VALUES('8206474-5','Cindy Contador','correoEncargadoVenta10@gmail.com','(56)-987384783')

INSERT INTO ENCARGADO_COMPRA(runEncargado,nombreEncargado,correo,celular)
VALUES('20884039-8','Fabian Miranda','correoEncargadoVenta11@gmail.com','(56)-994739')

INSERT INTO ENCARGADO_COMPRA(runEncargado,nombreEncargado,correo,celular)
VALUES('17585123-2','Michelle no bachelet','correoEncargadoVenta12@gmail.com','(56)-98374878347')

INSERT INTO ENCARGADO_COMPRA(runEncargado,nombreEncargado,correo,celular)
VALUES('10186316-6','Pepe patea traseros','correoEncargadoVenta13@gmail.com','(56)-939849843')

INSERT INTO ENCARGADO_COMPRA(runEncargado,nombreEncargado,correo,celular)
VALUES('16515224-7','Ned Flander','correoEncargadoVenta14@gmail.com','(56)-99339849')

INSERT INTO ENCARGADO_COMPRA(runEncargado,nombreEncargado,correo,celular)
VALUES('22877207-0','Lisa simpson','correoEncargadoVenta15@gmail.com','(56)-9837837')

INSERT INTO ENCARGADO_COMPRA(runEncargado,nombreEncargado,correo,celular)
VALUES('16205575-5','Max Power','correoEncargadoVenta16@gmail.com','(56)-9387438')

INSERT INTO ENCARGADO_COMPRA(runEncargado,nombreEncargado,correo,celular)
VALUES('6300496-0','Max Power 2','correoEncargadoVenta17@gmail.com','(56)-9398943898')

INSERT INTO ENCARGADO_COMPRA(runEncargado,nombreEncargado,correo,celular)
VALUES('6698767-1','Oliver Aton','correoEncargadoVenta18@gmail.com','(56)-99389348')

INSERT INTO ENCARGADO_COMPRA(runEncargado,nombreEncargado,correo,celular)
VALUES('23474345-7','Jerry smith','correoEncargadoVenta19@gmail.com','(56)-9928398')

INSERT INTO ENCARGADO_COMPRA(runEncargado,nombreEncargado,correo,celular)
VALUES('16443983-6','Summer winter','correoEncargadoVenta20@gmail.com','(56)-985789547')

INSERT INTO ENCARGADO_COMPRA(runEncargado,nombreEncargado,correo,celular)
VALUES('10787727-4','iseufhsih','correoEncargadoVenta21@gmail.com','(56)-99784839')

INSERT INTO ENCARGADO_COMPRA(runEncargado,nombreEncargado,correo,celular)
VALUES('15953250-k','sfuhseifhsf','correoEncargadoVenta22@gmail.com','(56)-90389948')

INSERT INTO ENCARGADO_COMPRA(runEncargado,nombreEncargado,correo,celular)
VALUES('20597206-4','Vivanco Tapia','correoEncargadoVenta23@gmail.com','(56)-93874837')

INSERT INTO ENCARGADO_COMPRA(runEncargado,nombreEncargado,correo,celular)
VALUES('7408934-8','Arland Michellena','correoEncargadoVenta24@gmail.com','(56)-9938984')

INSERT INTO ENCARGADO_COMPRA(runEncargado,nombreEncargado,correo,celular)
VALUES('19607907-6','Tipo de abajao','correoEncargadoVenta25@gmail.com','(56)-998394839')

INSERT INTO ENCARGADO_COMPRA(runEncargado,nombreEncargado,correo,celular)
VALUES('5161089-k','Morgana flin','correoEncargadoVenta26@gmail.com','(56)-989879384')

INSERT INTO ENCARGADO_COMPRA(runEncargado,nombreEncargado,correo,celular)
VALUES('9568174-3','Futaba sakura','correoEncargadoVenta27@gmail.com','(56)-993849')

INSERT INTO ENCARGADO_COMPRA(runEncargado,nombreEncargado,correo,celular)
VALUES('16217783-4','Ann flores','correoEncargadoVenta28@gmail.com','(56)-93874837')

INSERT INTO ENCARGADO_COMPRA(runEncargado,nombreEncargado,correo,celular)
VALUES('10944674-2','Buho','correoEncargadoVenta29@gmail.com','(56)-926536253')

INSERT INTO ENCARGADO_COMPRA(runEncargado,nombreEncargado,correo,celular)
VALUES('18591719-3','Perro','correoEncargadoVenta30@gmail.com','(56)-983787')

INSERT INTO ENCARGADO_COMPRA(runEncargado,nombreEncargado,correo,celular)
VALUES('9887457-7','Gato','correoEncargadoVenta31@gmail.com','(56)-9376476736')

INSERT INTO ENCARGADO_COMPRA(runEncargado,nombreEncargado,correo,celular)
VALUES('18599036-2','Michael de Santa','correoEncargadoVenta32@gmail.com','(56)-987387348')

INSERT INTO ENCARGADO_COMPRA(runEncargado,nombreEncargado,correo,celular)
VALUES('22192193-3','CJ','correoEncargadoVenta33@gmail.com','(56)-97363342')

INSERT INTO ENCARGADO_COMPRA(runEncargado,nombreEncargado,correo,celular)
VALUES('15238495-5','Jesus','correoEncargadoVenta34@gmail.com','(56)-9376763')

INSERT INTO ENCARGADO_COMPRA(runEncargado,nombreEncargado,correo,celular)
VALUES('16808844-2','No jesus','correoEncargadoVenta35@gmail.com','(56)-9387438')

INSERT INTO ENCARGADO_COMPRA(runEncargado,nombreEncargado,correo,celular)
VALUES('15605131-4','Claudio contreras','correoEncargadoVenta36@gmail.com','(56)-9387483478')

INSERT INTO ENCARGADO_COMPRA(runEncargado,nombreEncargado,correo,celular)
VALUES('21320904-3','Miguel','correoEncargadoVenta37@gmail.com','(56)-9487834758')

INSERT INTO ENCARGADO_COMPRA(runEncargado,nombreEncargado,correo,celular)
VALUES('6991844-1','Tapia','correoEncargadoVenta38@gmail.com','(56)-9384787')

INSERT INTO ENCARGADO_COMPRA(runEncargado,nombreEncargado,correo,celular)
VALUES('16740949-0','Alexander Candia','correoEncargadoVenta39@gmail.com','(56)-98374837')

INSERT INTO ENCARGADO_COMPRA(runEncargado,nombreEncargado,correo,celular)
VALUES('10001851-9','YO','correoEncargadoVenta40@gmail.com','(56)-98374837')

------------

insert into Categoria_EMPLEADO values('Gerente General','Jefe de todo');
insert into Categoria_EMPLEADO values('Gerente de Operaciones','Jefe del depto Operaciones');
insert into Categoria_EMPLEADO values('Gerente de Produccion','Jefe del depto Produccion');
insert into Categoria_EMPLEADO values('Gerente de Marketing','Jefe del depto Marketing');
insert into Categoria_EMPLEADO values('Gerente de Recursos Humanos','Jefe del depto Recursos Humanos');
insert into Categoria_EMPLEADO values('Gerente de Finanzas','Jefe del depto Finanzas');
insert into Categoria_EMPLEADO values('Gerente de Ventas','Jefe del depto Ventas');
insert into Categoria_EMPLEADO values('Gerente de Informatica','Jefe del depto Informatica');
insert into Categoria_EMPLEADO values('Gerente de Inversiones','Jefe del depto Inversiones');
insert into Categoria_EMPLEADO values('Junior','Junior');
insert into Categoria_EMPLEADO values('Secretaria','Secretaria');
insert into Categoria_EMPLEADO values('Publicista','Publicista');
insert into Categoria_EMPLEADO values('Diseñador','Diseñador');
insert into Categoria_EMPLEADO values('Contador','Contador');
insert into Categoria_EMPLEADO values('Auditor','Auditor');
insert into Categoria_EMPLEADO values('Ingeniero Comercial','Ingeniero');
insert into Categoria_EMPLEADO values('Administrador','Administrador');
insert into Categoria_EMPLEADO values('Jefe de Vendedores',' Jefe');
insert into Categoria_EMPLEADO values('Vendedor','Vendedor');
insert into Categoria_EMPLEADO values('Chofer','Chofer');
insert into Categoria_EMPLEADO values('Pioneta','Pioneta');
insert into Categoria_EMPLEADO values('Diseñador Web','Diseñador Web');
insert into Categoria_EMPLEADO values('Programador','Programador');
insert into Categoria_EMPLEADO values('Analista','Analista');
insert into Categoria_EMPLEADO values('Administrador Base de Datos','Administrador Base de Datos');
insert into Categoria_EMPLEADO values('Jefe de Informatica','Jefe');
insert into Categoria_EMPLEADO values('Administrador de Redes','Administrador de Redes');
insert into Categoria_EMPLEADO values('Tecnico de Redes','Tecnico de Redes');
insert into Categoria_EMPLEADO values('Jefe de Inversiones','Jefe de Inversiones');
insert into Categoria_EMPLEADO values('Administrador de Inversiones','Administrador de Inversiones');
insert into Categoria_EMPLEADO values('Trabajador de Planta','Trabajador de Planta');
insert into Categoria_EMPLEADO values('Encargados de Inversiones','Encargados de Inversiones');
insert into Categoria_EMPLEADO values('Bodeguero','Bodeguero');
insert into Categoria_EMPLEADO values('Encargado de Bodega','Encargado');
insert into Categoria_EMPLEADO values('Jefe de Bodega','Jefe de Bodega');
insert into Categoria_EMPLEADO values('Jefe de Choferes','Jefe');
insert into Categoria_EMPLEADO values('Ruteador','Ruteador');
insert into Categoria_EMPLEADO values('Jefe de Rutas','Jefe de Rutas');
insert into Categoria_EMPLEADO values('Encargado de Planta','Encargado de Planta');
insert into Categoria_EMPLEADO values('Jefe de Encargado de Planta','Jefe');

----------
INSERT INTO EMPLEADO(
	RUNEMPLEADO,NOMBREEMPLEADO,APELLIDOEMPLEADO,APELLIDOMATERNO,GENERO,NACIONALIDAD,FECHACONTRATO,SUELDO,FECHANACIMIENTO,ESEMPLEADO,IDCATEGORIAEMPLEADO,IDSUCURSAL)
	VALUES('1-1','Camilo',' Perez','Valdivia','M','Chileno','2017-04-25',250000,'1976-02-01','S',40,1)

INSERT INTO EMPLEADO(
	RUNEMPLEADO,NOMBREEMPLEADO,APELLIDOEMPLEADO,APELLIDOMATERNO,GENERO,NACIONALIDAD,FECHACONTRATO,SUELDO,FECHANACIMIENTO,ESEMPLEADO,IDCATEGORIAEMPLEADO,IDSUCURSAL)
	VALUES('1-2','Andrea',' Rosales','Bravo','F','Chileno','2017-04-25',250000,'1976-01-02','S',2,1)

INSERT INTO EMPLEADO(
	RUNEMPLEADO,NOMBREEMPLEADO,APELLIDOEMPLEADO,APELLIDOMATERNO,GENERO,NACIONALIDAD,FECHACONTRATO,SUELDO,FECHANACIMIENTO,ESEMPLEADO,IDCATEGORIAEMPLEADO,IDSUCURSAL)
	VALUES('1-3','Pedro',' Espinoza','Larrain','M','Chileno','2017-04-25',250000,'1976-01-03','S',3,1)

INSERT INTO EMPLEADO(
	RUNEMPLEADO,NOMBREEMPLEADO,APELLIDOEMPLEADO,APELLIDOMATERNO,GENERO,NACIONALIDAD,FECHACONTRATO,SUELDO,FECHANACIMIENTO,ESEMPLEADO,IDCATEGORIAEMPLEADO,IDSUCURSAL)
	VALUES('1-4','Camila',' Dominguez','Vidal','F','Chileno','2017-04-25',250000,'1976-05-04','S',4,1)

INSERT INTO EMPLEADO(
	RUNEMPLEADO,NOMBREEMPLEADO,APELLIDOEMPLEADO,APELLIDOMATERNO,GENERO,NACIONALIDAD,FECHACONTRATO,SUELDO,FECHANACIMIENTO,ESEMPLEADO,IDCATEGORIAEMPLEADO,IDSUCURSAL)
	VALUES('1-5','Simon',' Perez','Araneda','M','Chileno','2017-04-25',250000,'1979-07-05','S',5,1)

INSERT INTO EMPLEADO(
	RUNEMPLEADO,NOMBREEMPLEADO,APELLIDOEMPLEADO,APELLIDOMATERNO,GENERO,NACIONALIDAD,FECHACONTRATO,SUELDO,FECHANACIMIENTO,ESEMPLEADO,IDCATEGORIAEMPLEADO,IDSUCURSAL)
	VALUES('1-6','Daniela','Guzman','Vallejos','F','Chileno','2017-04-25',250000,'1979-04-06','S',6,1)

INSERT INTO EMPLEADO(
	RUNEMPLEADO,NOMBREEMPLEADO,APELLIDOEMPLEADO,APELLIDOMATERNO,GENERO,NACIONALIDAD,FECHACONTRATO,SUELDO,FECHANACIMIENTO,ESEMPLEADO,IDCATEGORIAEMPLEADO,IDSUCURSAL)
	VALUES('1-7','Benjamin','Cotapos','Maturana','M','Chileno','2017-04-25',250000,'1979-11-07','S',7,1)

INSERT INTO EMPLEADO(
	RUNEMPLEADO,NOMBREEMPLEADO,APELLIDOEMPLEADO,APELLIDOMATERNO,GENERO,NACIONALIDAD,FECHACONTRATO,SUELDO,FECHANACIMIENTO,ESEMPLEADO,IDCATEGORIAEMPLEADO,IDSUCURSAL)
	VALUES('1-8','Claudia','Olivares','Peñaloza','F','Chileno','2017-04-25',250000,'1980-11-08','S',8,1)

INSERT INTO EMPLEADO(
	RUNEMPLEADO,NOMBREEMPLEADO,APELLIDOEMPLEADO,APELLIDOMATERNO,GENERO,NACIONALIDAD,FECHACONTRATO,SUELDO,FECHANACIMIENTO,ESEMPLEADO,IDCATEGORIAEMPLEADO,IDSUCURSAL)
	VALUES('1-9','Bill','West','Williams','M','Chileno','2017-04-25',250000,'1980-12-09','S',9,1)

INSERT INTO EMPLEADO(
	RUNEMPLEADO,NOMBREEMPLEADO,APELLIDOEMPLEADO,APELLIDOMATERNO,GENERO,NACIONALIDAD,FECHACONTRATO,SUELDO,FECHANACIMIENTO,ESEMPLEADO,IDCATEGORIAEMPLEADO,IDSUCURSAL)
	VALUES('1-K','Roberta','Muñoz','Escobar','F','Chileno','2017-04-25',450000,'1980-12-10','S',10,1)

INSERT INTO EMPLEADO(
	RUNEMPLEADO,NOMBREEMPLEADO,APELLIDOEMPLEADO,APELLIDOMATERNO,GENERO,NACIONALIDAD,FECHACONTRATO,SUELDO,FECHANACIMIENTO,ESEMPLEADO,IDCATEGORIAEMPLEADO,IDSUCURSAL)
	VALUES('2-1','Juan','Toro','Molina','M','Chileno','2017-04-25',450000,'1980-12-11','S',11,1)

INSERT INTO EMPLEADO(
	RUNEMPLEADO,NOMBREEMPLEADO,APELLIDOEMPLEADO,APELLIDOMATERNO,GENERO,NACIONALIDAD,FECHACONTRATO,SUELDO,FECHANACIMIENTO,ESEMPLEADO,IDCATEGORIAEMPLEADO,IDSUCURSAL)
	VALUES('2-2','Alejandra','Arismendi','Seguel','F','Chileno','2017-04-25',450000,'1980-11-12','S',12,1)

INSERT INTO EMPLEADO(
	RUNEMPLEADO,NOMBREEMPLEADO,APELLIDOEMPLEADO,APELLIDOMATERNO,GENERO,NACIONALIDAD,FECHACONTRATO,SUELDO,FECHANACIMIENTO,ESEMPLEADO,IDCATEGORIAEMPLEADO,IDSUCURSAL)
	VALUES('2-3','Ricardo','Roth','Peralta','M','Chileno','2017-04-25',450000,'1984-09-13','S',13,1)

INSERT INTO EMPLEADO(
	RUNEMPLEADO,NOMBREEMPLEADO,APELLIDOEMPLEADO,APELLIDOMATERNO,GENERO,NACIONALIDAD,FECHACONTRATO,SUELDO,FECHANACIMIENTO,ESEMPLEADO,IDCATEGORIAEMPLEADO,IDSUCURSAL)
	VALUES('2-4','Macarena','Sanchez','Rivera','F','Chileno','2017-04-25',750000,'1982-08-14','S',14,1)

INSERT INTO EMPLEADO(
	RUNEMPLEADO,NOMBREEMPLEADO,APELLIDOEMPLEADO,APELLIDOMATERNO,GENERO,NACIONALIDAD,FECHACONTRATO,SUELDO,FECHANACIMIENTO,ESEMPLEADO,IDCATEGORIAEMPLEADO,IDSUCURSAL)
	VALUES('2-5','Ricardo','Silva','Blanco','M','Chileno','2017-04-25',750000,'1988-02-15','S',15,1)

INSERT INTO EMPLEADO(
	RUNEMPLEADO,NOMBREEMPLEADO,APELLIDOEMPLEADO,APELLIDOMATERNO,GENERO,NACIONALIDAD,FECHACONTRATO,SUELDO,FECHANACIMIENTO,ESEMPLEADO,IDCATEGORIAEMPLEADO,IDSUCURSAL)
	VALUES('2-6','Patricia','Fernandez','Meza','F','Chileno','2017-04-25',750000,'1980-04-16','S',16,1)

INSERT INTO EMPLEADO(
	RUNEMPLEADO,NOMBREEMPLEADO,APELLIDOEMPLEADO,APELLIDOMATERNO,GENERO,NACIONALIDAD,FECHACONTRATO,SUELDO,FECHANACIMIENTO,ESEMPLEADO,IDCATEGORIAEMPLEADO,IDSUCURSAL)
	VALUES('2-7','Jose','Pizarro','Lopez','M','Chileno','2017-04-25',750000,'1980-05-17','S',17,1)

INSERT INTO EMPLEADO(
	RUNEMPLEADO,NOMBREEMPLEADO,APELLIDOEMPLEADO,APELLIDOMATERNO,GENERO,NACIONALIDAD,FECHACONTRATO,SUELDO,FECHANACIMIENTO,ESEMPLEADO,IDCATEGORIAEMPLEADO,IDSUCURSAL)
	VALUES('2-8','Ivan','Gutierrez','Tapia','M','Chileno','2017-04-25',750000,'1980-07-18','S',18,1)

INSERT INTO EMPLEADO(
	RUNEMPLEADO,NOMBREEMPLEADO,APELLIDOEMPLEADO,APELLIDOMATERNO,GENERO,NACIONALIDAD,FECHACONTRATO,SUELDO,FECHANACIMIENTO,ESEMPLEADO,IDCATEGORIAEMPLEADO,IDSUCURSAL)
	VALUES('2-9','Fernanda','Salinas','Vallejos','F','Chileno','2017-04-25',820000,'1988-07-19','S',19,1)

INSERT INTO EMPLEADO(
	RUNEMPLEADO,NOMBREEMPLEADO,APELLIDOEMPLEADO,APELLIDOMATERNO,GENERO,NACIONALIDAD,FECHACONTRATO,SUELDO,FECHANACIMIENTO,ESEMPLEADO,IDCATEGORIAEMPLEADO,IDSUCURSAL)
	VALUES('2-K','Carlos','Riquelme','Palominos','M','Chileno','2017-04-25',820000,'1989-06-20','S',20,1)

INSERT INTO EMPLEADO(
	RUNEMPLEADO,NOMBREEMPLEADO,APELLIDOEMPLEADO,APELLIDOMATERNO,GENERO,NACIONALIDAD,FECHACONTRATO,SUELDO,FECHANACIMIENTO,ESEMPLEADO,IDCATEGORIAEMPLEADO,IDSUCURSAL)
	VALUES('3-1','Carlos','Lizana','Correa','M','Chileno','2017-04-25',820000,'1988-09-21','S',21,1)

INSERT INTO EMPLEADO(
	RUNEMPLEADO,NOMBREEMPLEADO,APELLIDOEMPLEADO,APELLIDOMATERNO,GENERO,NACIONALIDAD,FECHACONTRATO,SUELDO,FECHANACIMIENTO,ESEMPLEADO,IDCATEGORIAEMPLEADO,IDSUCURSAL)
	VALUES('3-2','Juan','Miranda','Martinez','M','Chileno','2017-04-25',820000,'1986-01-22','S',22,1)

INSERT INTO EMPLEADO(
	RUNEMPLEADO,NOMBREEMPLEADO,APELLIDOEMPLEADO,APELLIDOMATERNO,GENERO,NACIONALIDAD,FECHACONTRATO,SUELDO,FECHANACIMIENTO,ESEMPLEADO,IDCATEGORIAEMPLEADO,IDSUCURSAL)
	VALUES('3-3','Jose','Almuna','Gonzalez','M','Chileno','2017-04-25',820000,'1987-01-23','S',23,1)

INSERT INTO EMPLEADO(
	RUNEMPLEADO,NOMBREEMPLEADO,APELLIDOEMPLEADO,APELLIDOMATERNO,GENERO,NACIONALIDAD,FECHACONTRATO,SUELDO,FECHANACIMIENTO,ESEMPLEADO,IDCATEGORIAEMPLEADO,IDSUCURSAL)
	VALUES('3-4','Juan','Rubio','Frei','M','Chileno','2017-04-25',820000,'1985-02-24','S',24,1)

INSERT INTO EMPLEADO(
	RUNEMPLEADO,NOMBREEMPLEADO,APELLIDOEMPLEADO,APELLIDOMATERNO,GENERO,NACIONALIDAD,FECHACONTRATO,SUELDO,FECHANACIMIENTO,ESEMPLEADO,IDCATEGORIAEMPLEADO,IDSUCURSAL)
	VALUES('3-5','Pedro','Villalobos','Mora','M','Chileno','2017-04-25',820000,'1984-02-25','S',25,1)

INSERT INTO EMPLEADO(
	RUNEMPLEADO,NOMBREEMPLEADO,APELLIDOEMPLEADO,APELLIDOMATERNO,GENERO,NACIONALIDAD,FECHACONTRATO,SUELDO,FECHANACIMIENTO,ESEMPLEADO,IDCATEGORIAEMPLEADO,IDSUCURSAL)
	VALUES('3-6','Ivan','Vera','Riquelme','M','Chileno','2017-04-25',820000,'1983-03-26','S',26,1)

INSERT INTO EMPLEADO(
	RUNEMPLEADO,NOMBREEMPLEADO,APELLIDOEMPLEADO,APELLIDOMATERNO,GENERO,NACIONALIDAD,FECHACONTRATO,SUELDO,FECHANACIMIENTO,ESEMPLEADO,IDCATEGORIAEMPLEADO,IDSUCURSAL)
	VALUES('3-7','Ricardo','Vergara','Vergara','M','Chileno','2017-04-25','1980-08-27','S',27,1)

INSERT INTO EMPLEADO(
	RUNEMPLEADO,NOMBREEMPLEADO,APELLIDOEMPLEADO,APELLIDOMATERNO,GENERO,NACIONALIDAD,FECHACONTRATO,SUELDO,FECHANACIMIENTO,ESEMPLEADO,IDCATEGORIAEMPLEADO,IDSUCURSAL)
	VALUES('3-8','Felipe','Lagos','Rios','M','Chileno','2017-04-25',820000,'1988-09-28','S',28,1)

INSERT INTO EMPLEADO(
	RUNEMPLEADO,NOMBREEMPLEADO,APELLIDOEMPLEADO,APELLIDOMATERNO,GENERO,NACIONALIDAD,FECHACONTRATO,SUELDO,FECHANACIMIENTO,ESEMPLEADO,IDCATEGORIAEMPLEADO,IDSUCURSAL)
	VALUES('3-9','Claudia','Morales','Olivos','F','Chileno','2017-04-25',820000,'1989-11-29','S',30,1)

INSERT INTO EMPLEADO(
	RUNEMPLEADO,NOMBREEMPLEADO,APELLIDOEMPLEADO,APELLIDOMATERNO,GENERO,NACIONALIDAD,FECHACONTRATO,SUELDO,FECHANACIMIENTO,ESEMPLEADO,IDCATEGORIAEMPLEADO,IDSUCURSAL)
	VALUES('3-K','Tomas','Alvear','Montt','M','Chileno','2017-04-25',900000,'1986-12-30','S',31,1)

INSERT INTO EMPLEADO(
	RUNEMPLEADO,NOMBREEMPLEADO,APELLIDOEMPLEADO,APELLIDOMATERNO,GENERO,NACIONALIDAD,FECHACONTRATO,SUELDO,FECHANACIMIENTO,ESEMPLEADO,IDCATEGORIAEMPLEADO,IDSUCURSAL)
	VALUES('4-1','Juan','Diaz','Carrera','M','Chileno','2017-04-25',900000,'1980-08-31','S',32,1)

INSERT INTO EMPLEADO(
	RUNEMPLEADO,NOMBREEMPLEADO,APELLIDOEMPLEADO,APELLIDOMATERNO,GENERO,NACIONALIDAD,FECHACONTRATO,SUELDO,FECHANACIMIENTO,ESEMPLEADO,IDCATEGORIAEMPLEADO,IDSUCURSAL)
	VALUES('4-2','Pedro','Contador','Fuentes','M','Chileno','2017-04-25',1800000,'1981-03-01','S',33,1)

INSERT INTO EMPLEADO(
	RUNEMPLEADO,NOMBREEMPLEADO,APELLIDOEMPLEADO,APELLIDOMATERNO,GENERO,NACIONALIDAD,FECHACONTRATO,SUELDO,FECHANACIMIENTO,ESEMPLEADO,IDCATEGORIAEMPLEADO,IDSUCURSAL)
	VALUES('4-3','Pedro','Torres','Subercaseux','M','Chileno','2017-04-25',1800000,'1986-11-02','S',34,1)

INSERT INTO EMPLEADO(
	RUNEMPLEADO,NOMBREEMPLEADO,APELLIDOEMPLEADO,APELLIDOMATERNO,GENERO,NACIONALIDAD,FECHACONTRATO,SUELDO,FECHANACIMIENTO,ESEMPLEADO,IDCATEGORIAEMPLEADO,IDSUCURSAL)
	VALUES('4-4','Francisco','Herrera','Cotapos','M','Chileno','2017-04-25',1800000,'1988-04-03','S',35,1)
INSERT INTO EMPLEADO(
	RUNEMPLEADO,NOMBREEMPLEADO,APELLIDOEMPLEADO,APELLIDOMATERNO,GENERO,NACIONALIDAD,FECHACONTRATO,SUELDO,FECHANACIMIENTO,ESEMPLEADO,IDCATEGORIAEMPLEADO,IDSUCURSAL)
	VALUES('4-5','Raimundo','Cerda','Flores','M','Chileno','2017-04-25',1800000,'1988-06-04','S',36,1)

INSERT INTO EMPLEADO(
	RUNEMPLEADO,NOMBREEMPLEADO,APELLIDOEMPLEADO,APELLIDOMATERNO,GENERO,NACIONALIDAD,FECHACONTRATO,SUELDO,FECHANACIMIENTO,ESEMPLEADO,IDCATEGORIAEMPLEADO,IDSUCURSAL)
	VALUES('4-6','Joaquin','Nuñez','Castillo','M','Chileno','2017-04-25',1800000,'1989-07-05','S',37,1)

INSERT INTO EMPLEADO(
	RUNEMPLEADO,NOMBREEMPLEADO,APELLIDOEMPLEADO,APELLIDOMATERNO,GENERO,NACIONALIDAD,FECHACONTRATO,SUELDO,FECHANACIMIENTO,ESEMPLEADO,IDCATEGORIAEMPLEADO,IDSUCURSAL)
	VALUES('4-7','Dagoberto',' Cifuentes','Palma','M','Chileno','2017-04-25',1800000,'1990-05-06','S',38,1)

INSERT INTO EMPLEADO(
	RUNEMPLEADO,NOMBREEMPLEADO,APELLIDOEMPLEADO,APELLIDOMATERNO,GENERO,NACIONALIDAD,FECHACONTRATO,SUELDO,FECHANACIMIENTO,ESEMPLEADO,IDCATEGORIAEMPLEADO,IDSUCURSAL)
	VALUES('4-8','Simona','Martinez','Diaz','F','Chileno','2017-04-25',1800000,'1992-06-07','S',39,1)

INSERT INTO EMPLEADO(
	RUNEMPLEADO,NOMBREEMPLEADO,APELLIDOEMPLEADO,APELLIDOMATERNO,GENERO,NACIONALIDAD,FECHACONTRATO,SUELDO,FECHANACIMIENTO,ESEMPLEADO,IDCATEGORIAEMPLEADO,IDSUCURSAL)
	VALUES('4-9','Rolando','Aburto','Olivares','M','Chileno','2017-04-25',2500000,'1989-06-27','S',1,1)

INSERT INTO FACTURA(rutFactura,fechaEmision,fechaVencimiento,direccion,ciudad,comuna,runEmpleado)
VALUES('1-1','25/08/17','25/11/17','San Joaquin 5555','Santiago','Los Patitos','2-9');

INSERT INTO FACTURA(rutFactura,fechaEmision,fechaVencimiento,direccion,ciudad,comuna,runEmpleado)
VALUES('1-2','25/08/17','25/11/17','San Joaquin 5555','Santiago','Los Patitos','2-9');

INSERT INTO FACTURA(rutFactura,fechaEmision,fechaVencimiento,direccion,ciudad,comuna,runEmpleado)
VALUES('1-3','25/08/17','25/11/17','San Joaquin 5555','Santiago','Los Patitos','2-9');

INSERT INTO FACTURA(rutFactura,fechaEmision,fechaVencimiento,direccion,ciudad,comuna,runEmpleado)
VALUES('1-4','25/08/17','25/11/17','San Joaquin 5555','Santiago','Los Patitos','2-9');

INSERT INTO FACTURA(rutFactura,fechaEmision,fechaVencimiento,direccion,ciudad,comuna,runEmpleado)
VALUES('1-5','25/08/17','25/11/17','San Joaquin 5555','Santiago','Los Patitos','2-9');

INSERT INTO FACTURA(rutFactura,fechaEmision,fechaVencimiento,direccion,ciudad,comuna,runEmpleado)
VALUES('1-6','01/07/17','01/10/17','San Joaquin 5555','Santiago','Los Patitos','2-9');

INSERT INTO FACTURA(rutFactura,fechaEmision,fechaVencimiento,direccion,ciudad,comuna,runEmpleado)
VALUES('1-7','01/07/17','01/10/17','San Joaquin 5555','Santiago','Los Patitos','2-9');

INSERT INTO FACTURA(rutFactura,fechaEmision,fechaVencimiento,direccion,ciudad,comuna,runEmpleado)
VALUES('1-8','01/07/17','01/10/17','San Joaquin 5555','Santiago','Los Patitos','2-9');

INSERT INTO FACTURA(rutFactura,fechaEmision,fechaVencimiento,direccion,ciudad,comuna,runEmpleado)
VALUES('1-9','01/07/17','01/10/17','San Joaquin 5555','Santiago','Los Patitos','2-9');

INSERT INTO FACTURA(rutFactura,fechaEmision,fechaVencimiento,direccion,ciudad,comuna,runEmpleado)
VALUES('1-10','01/07/17','01/10/17','San Joaquin 5555','Santiago','Los Patitos','2-9');

INSERT INTO FACTURA(rutFactura,fechaEmision,fechaVencimiento,direccion,ciudad,comuna,runEmpleado)
VALUES('1-11','15/09/17','15/12/17','San Joaquin 5555','Santiago','Los Patitos','4-3');

INSERT INTO FACTURA(rutFactura,fechaEmision,fechaVencimiento,direccion,ciudad,comuna,runEmpleado)
VALUES('1-12','15/09/17','15/12/17','San Joaquin 5555','Santiago','Los Patitos','4-3');

INSERT INTO FACTURA(rutFactura,fechaEmision,fechaVencimiento,direccion,ciudad,comuna,runEmpleado)
VALUES('1-13','15/09/17','15/12/17','San Joaquin 5555','Santiago','Los Patitos','4-3');

INSERT INTO FACTURA(rutFactura,fechaEmision,fechaVencimiento,direccion,ciudad,comuna,runEmpleado)
VALUES('1-14','15/09/17','15/12/17','San Joaquin 5555','Santiago','Los Patitos','4-3');

INSERT INTO FACTURA(rutFactura,fechaEmision,fechaVencimiento,direccion,ciudad,comuna,runEmpleado)
VALUES('1-15','15/09/17','15/12/17','San Joaquin 5555','Santiago','Los Patitos','4-3');

INSERT INTO FACTURA(rutFactura,fechaEmision,fechaVencimiento,direccion,ciudad,comuna,runEmpleado)
VALUES('1-16','15/09/17','15/12/17','San Joaquin 5555','Santiago','Los Patitos','4-3');

INSERT INTO FACTURA(rutFactura,fechaEmision,fechaVencimiento,direccion,ciudad,comuna,runEmpleado)
VALUES('1-17','15/09/17','15/12/17','San Joaquin 5555','Santiago','Los Patitos','4-3');

INSERT INTO FACTURA(rutFactura,fechaEmision,fechaVencimiento,direccion,ciudad,comuna,runEmpleado)
VALUES('1-18','15/09/17','15/12/17','San Joaquin 5555','Santiago','Los Patitos','4-3');

INSERT INTO FACTURA(rutFactura,fechaEmision,fechaVencimiento,direccion,ciudad,comuna,runEmpleado)
VALUES('1-19','15/09/17','15/12/17','San Joaquin 5555','Santiago','Los Patitos','4-3');

INSERT INTO FACTURA(rutFactura,fechaEmision,fechaVencimiento,direccion,ciudad,comuna,runEmpleado)
VALUES('1-20','15/09/17','15/12/17','San Joaquin 5555','Santiago','Los Patitos','4-3');

INSERT INTO FACTURA(rutFactura,fechaEmision,fechaVencimiento,direccion,ciudad,comuna,runEmpleado)
VALUES('1-22','20/08/17','20/11/17','Macul 34','Santiago','YOLOLO','3-7');

INSERT INTO FACTURA(rutFactura,fechaEmision,fechaVencimiento,direccion,ciudad,comuna,runEmpleado)
VALUES('1-21','20/08/17','20/11/17','Macul 34','Santiago','YOLOLO','3-7');

INSERT INTO FACTURA(rutFactura,fechaEmision,fechaVencimiento,direccion,ciudad,comuna,runEmpleado)
VALUES('1-23','20/08/17','20/11/17','Macul 34','Santiago','YOLOLO','3-7');

INSERT INTO FACTURA(rutFactura,fechaEmision,fechaVencimiento,direccion,ciudad,comuna,runEmpleado)
VALUES('1-24','20/08/17','20/11/17','Macul 34','Santiago','YOLOLO','3-7');

INSERT INTO FACTURA(rutFactura,fechaEmision,fechaVencimiento,direccion,ciudad,comuna,runEmpleado)
VALUES('1-25','20/08/17','20/11/17','Macul 34','Santiago','YOLOLO','3-7');

INSERT INTO FACTURA(rutFactura,fechaEmision,fechaVencimiento,direccion,ciudad,comuna,runEmpleado)
VALUES('1-26','20/08/17','20/11/17','Macul 34','Santiago','YOLOLO','3-7');

INSERT INTO FACTURA(rutFactura,fechaEmision,fechaVencimiento,direccion,ciudad,comuna,runEmpleado)
VALUES('1-27','20/08/17','20/11/17','Macul 34','Santiago','YOLOLO','3-7');

INSERT INTO FACTURA(rutFactura,fechaEmision,fechaVencimiento,direccion,ciudad,comuna,runEmpleado)
VALUES('1-28','20/08/17','20/11/17','Macul 34','Santiago','YOLOLO','3-7');

INSERT INTO FACTURA(rutFactura,fechaEmision,fechaVencimiento,direccion,ciudad,comuna,runEmpleado)
VALUES('1-29','20/08/17','20/11/17','Macul 34','Santiago','YOLOLO','3-7');

INSERT INTO FACTURA(rutFactura,fechaEmision,fechaVencimiento,direccion,ciudad,comuna,runEmpleado)
VALUES('1-30','20/08/17','20/11/17','Macul 34','Santiago','YOLOLO','3-7');

INSERT INTO FACTURA(rutFactura,fechaEmision,fechaVencimiento,direccion,ciudad,comuna,runEmpleado)
VALUES('1-31','29/08/17','29/11/17','Macul 34','Santiago','YOLOLO','3-7');

INSERT INTO FACTURA(rutFactura,fechaEmision,fechaVencimiento,direccion,ciudad,comuna,runEmpleado)
VALUES('1-32','29/08/17','29/11/17','Macul 34','Santiago','YOLOLO','3-7');

INSERT INTO FACTURA(rutFactura,fechaEmision,fechaVencimiento,direccion,ciudad,comuna,runEmpleado)
VALUES('1-33','29/08/17','29/11/17','Macul 34','Santiago','YOLOLO','3-7');

INSERT INTO FACTURA(rutFactura,fechaEmision,fechaVencimiento,direccion,ciudad,comuna,runEmpleado)
VALUES('1-34','29/08/17','29/11/17','Macul 34','Santiago','YOLOLO','3-7');

INSERT INTO FACTURA(rutFactura,fechaEmision,fechaVencimiento,direccion,ciudad,comuna,runEmpleado)
VALUES('1-35','29/08/17','29/11/17','Macul 34','Santiago','YOLOLO','3-7');

INSERT INTO FACTURA(rutFactura,fechaEmision,fechaVencimiento,direccion,ciudad,comuna,runEmpleado)
VALUES('1-36','29/08/17','29/11/17','Macul 34','Santiago','YOLOLO','3-7');

INSERT INTO FACTURA(rutFactura,fechaEmision,fechaVencimiento,direccion,ciudad,comuna,runEmpleado)
VALUES('1-37','29/08/17','29/11/17','Macul 34','Santiago','YOLOLO','3-7');

INSERT INTO FACTURA(rutFactura,fechaEmision,fechaVencimiento,direccion,ciudad,comuna,runEmpleado)
VALUES('1-38','29/08/17','29/11/17','Macul 34','Santiago','YOLOLO','3-7');

INSERT INTO FACTURA(rutFactura,fechaEmision,fechaVencimiento,direccion,ciudad,comuna,runEmpleado)
VALUES('1-39','29/08/17','29/11/17','Macul 34','Santiago','YOLOLO','3-7');

INSERT INTO FACTURA(rutFactura,fechaEmision,fechaVencimiento,direccion,ciudad,comuna,runEmpleado)
VALUES('1-40','29/08/17','29/11/17','Macul 34','Santiago','YOLOLO','3-7');

INSERT INTO DETALLE_FACTURA(cantidad,detalle,precioUnitario,total,idFactura)
VALUES(1,190,1000,1190,'1-1');

INSERT INTO DETALLE_FACTURA(cantidad,detalle,precioUnitario,total,idFactura)
VALUES(1,380,2000,2380,'1-2');

INSERT INTO DETALLE_FACTURA(cantidad,detalle,precioUnitario,total,idFactura)
VALUES(1,570,3000,3570,'1-3');

INSERT INTO DETALLE_FACTURA(cantidad,detalle,precioUnitario,total,idFactura)
VALUES(1,760,4000,4760,'1-4');

INSERT INTO DETALLE_FACTURA(cantidad,detalle,precioUnitario,total,idFactura)
VALUES(1,950,5000,5950,'1-5');

INSERT INTO DETALLE_FACTURA(cantidad,detalle,precioUnitario,total,idFactura)
VALUES(2,1140,6000,7140,'1-6');

INSERT INTO DETALLE_FACTURA(cantidad,detalle,precioUnitario,total,idFactura)
VALUES(2,1330,7000,8330,'1-7');

INSERT INTO DETALLE_FACTURA(cantidad,detalle,precioUnitario,total,idFactura)
VALUES(1,1520,8000,9529,'1-8');

INSERT INTO DETALLE_FACTURA(cantidad,detalle,precioUnitario,total,idFactura)
VALUES(1,1710,9000,10710,'1-9');

INSERT INTO DETALLE_FACTURA(cantidad,detalle,precioUnitario,total,idFactura)
VALUES(1,1900,10000,11900,'1-10');

INSERT INTO DETALLE_FACTURA(cantidad,detalle,precioUnitario,total,idFactura)
VALUES(1,2280,12000,14280,'1-11');

INSERT INTO DETALLE_FACTURA(cantidad,detalle,precioUnitario,total,idFactura)
VALUES(1,2660,14000,16660,'1-12');

INSERT INTO DETALLE_FACTURA(cantidad,detalle,precioUnitario,total,idFactura)
VALUES(3,3040,16000,19040,'1-13');

INSERT INTO DETALLE_FACTURA(cantidad,detalle,precioUnitario,total,idFactura)
VALUES(1,3420,18000,21420,'1-14');

INSERT INTO DETALLE_FACTURA(cantidad,detalle,precioUnitario,total,idFactura)
VALUES(1,3800,20000,23800,'1-15');

INSERT INTO DETALLE_FACTURA(cantidad,detalle,precioUnitario,total,idFactura)
VALUES(1,3990,21000,24990,'1-16');

INSERT INTO DETALLE_FACTURA(cantidad,detalle,precioUnitario,total,idFactura)
VALUES(1,4180,22000,26180,'1-17');

INSERT INTO DETALLE_FACTURA(cantidad,detalle,precioUnitario,total,idFactura)
VALUES(1,4370,23000,27370,'1-18');

INSERT INTO DETALLE_FACTURA(cantidad,detalle,precioUnitario,total,idFactura)
VALUES(2,4560,24000,28560,'1-19');

INSERT INTO DETALLE_FACTURA(cantidad,detalle,precioUnitario,total,idFactura)
VALUES(2,190,1000,1900,'1-20');

INSERT INTO DETALLE_FACTURA(cantidad,detalle,precioUnitario,total,idFactura)
VALUES(1,4750,25000,29750,'1-21');

INSERT INTO DETALLE_FACTURA(cantidad,detalle,precioUnitario,total,idFactura)
VALUES(1,4940,26000,30940,'1-22');

INSERT INTO DETALLE_FACTURA(cantidad,detalle,precioUnitario,total,idFactura)
VALUES(1,5130,27000,32130,'1-23');

INSERT INTO DETALLE_FACTURA(cantidad,detalle,precioUnitario,total,idFactura)
VALUES(1,5320,28000,33320,'1-24');

INSERT INTO DETALLE_FACTURA(cantidad,detalle,precioUnitario,total,idFactura)
VALUES(1,5510,29000,34510,'1-25');

INSERT INTO DETALLE_FACTURA(cantidad,detalle,precioUnitario,total,idFactura)
VALUES(3,5700,30000,35700,'1-26');

INSERT INTO DETALLE_FACTURA(cantidad,detalle,precioUnitario,total,idFactura)
VALUES(1,950,5000,5950,'1-27');

INSERT INTO DETALLE_FACTURA(cantidad,detalle,precioUnitario,total,idFactura)
VALUES(1,1900,10000,11900,'1-28');

INSERT INTO DETALLE_FACTURA(cantidad,detalle,precioUnitario,total,idFactura)
VALUES(1,2850,15000,17850,'1-29');

INSERT INTO DETALLE_FACTURA(cantidad,detalle,precioUnitario,total,idFactura)
VALUES(1,3800,20000,23800,'1-30');

INSERT INTO DETALLE_FACTURA(cantidad,detalle,precioUnitario,total,idFactura)
VALUES(1,4750,25000,29750,'1-31');

INSERT INTO DETALLE_FACTURA(cantidad,detalle,precioUnitario,total,idFactura)
VALUES(2,5700,30000,35700,'1-32');

INSERT INTO DETALLE_FACTURA(cantidad,detalle,precioUnitario,total,idFactura)
VALUES(2,760,4000,4760,'1-33');

INSERT INTO DETALLE_FACTURA(cantidad,detalle,precioUnitario,total,idFactura)
VALUES(1,2660,14000,16660,'1-34');

INSERT INTO DETALLE_FACTURA(cantidad,detalle,precioUnitario,total,idFactura)
VALUES(1,4560,24000,28560,'1-35');

INSERT INTO DETALLE_FACTURA(cantidad,detalle,precioUnitario,total,idFactura)
VALUES(1,380,2000,2380,'1-36');

INSERT INTO DETALLE_FACTURA(cantidad,detalle,precioUnitario,total,idFactura)
VALUES(1,2280,12000,14280,'1-37');

INSERT INTO DETALLE_FACTURA(cantidad,detalle,precioUnitario,total,idFactura)
VALUES(1,4180,22000,26180,'1-38');

INSERT INTO DETALLE_FACTURA(cantidad,detalle,precioUnitario,total,idFactura)
VALUES(3,19000,100000,119000,'1-39');

INSERT INTO DETALLE_FACTURA(cantidad,detalle,precioUnitario,total,idFactura)
VALUES(4,9500,50000,59500,'1-40');

--SOLO 10 
INSERT INTO CATEGORIA_CLIENTE(nombreCategoria)
VALUES('Especial');

INSERT INTO CATEGORIA_CLIENTE(nombreCategoria)
VALUES('Restaurante Fino');

INSERT INTO CATEGORIA_CLIENTE(nombreCategoria)
VALUES('Hotel 3 Estrellas');

INSERT INTO CATEGORIA_CLIENTE(nombreCategoria)
VALUES('Restaurante Comida Rapida');

INSERT INTO CATEGORIA_CLIENTE(nombreCategoria)
VALUES('Empresa');

INSERT INTO CATEGORIA_CLIENTE(nombreCategoria)
VALUES('Heladeria');

INSERT INTO CATEGORIA_CLIENTE(nombreCategoria)
VALUES('Panaderia');

INSERT INTO CATEGORIA_CLIENTE(nombreCategoria)
VALUES('Restaurante Comun');

INSERT INTO CATEGORIA_CLIENTE(nombreCategoria)
VALUES('Hotel 5 Estrellas');

INSERT INTO CATEGORIA_CLIENTE(nombreCategoria)
VALUES('Proveedor');


INSERT INTO CLIENTE(rutCliente,nombreCliente,direccion,telefono,correo,celular,esCliente,idEncargado,idCategoriaCliente)
VALUES('10-1','Restaurante Bin Xian','Las flores','(2)-23829384','correoCliente1@gmail.coom','(56)-91738459','1',1,1);

INSERT INTO CLIENTE(rutCliente,nombreCliente,direccion,telefono,correo,celular,esCliente,idEncargado,idCategoriaCliente)
VALUES('10-2','Restaurante Bella China','La Florida','(2)-23738402','correoCliente2@gmail.coom','(56)-948294827','1',2,1);

INSERT INTO CLIENTE(rutCliente,nombreCliente,direccion,telefono,correo,celular,esCliente,idEncargado,idCategoriaCliente)
VALUES('10-3','Restaurante I-Ching','Los presidentes','(2)-29483822','correoCliente3@gmail.coom','(56)-948206724','1',3,1);

INSERT INTO CLIENTE(rutCliente,nombreCliente,direccion,telefono,correo,celular,esCliente,idEncargado,idCategoriaCliente)
VALUES('10-4','Restaurante Dong Xing','Los quilines','(2)-24838292','correoCliente4@gmail.coom','(56)-981204573','1',4,1);

INSERT INTO CLIENTE(rutCliente,nombreCliente,direccion,telefono,correo,celular,esCliente,idEncargado,idCategoriaCliente)
VALUES('10-5','Restaurante China Popular','Los Grecio','(2)-29493833','correoCliente5@gmail.coom','(56)-937491079','1',5,2);

INSERT INTO CLIENTE(rutCliente,nombreCliente,direccion,telefono,correo,celular,esCliente,idEncargado,idCategoriaCliente)
VALUES('10-6','Restaurante Vaquita Sabrosa','Grecia','(2)-23948371','correoCliente6@gmail.coom','(56)-910596283','1',6,2);

INSERT INTO CLIENTE(rutCliente,nombreCliente,direccion,telefono,correo,celular,esCliente,idEncargado,idCategoriaCliente)
VALUES('10-7','Hotel Sheraton','Rolando ABURTO','(2)-24938203','correoCliente7@gmail.coom','(56)-918293059','1',7,2);

INSERT INTO CLIENTE(rutCliente,nombreCliente,direccion,telefono,correo,celular,esCliente,idEncargado,idCategoriaCliente)
VALUES('10-8','Hotel Marriot','EVT','(2)-24938402','correoCliente8@gmail.coom','(56)-975391234','0',8,2);

INSERT INTO CLIENTE(rutCliente,nombreCliente,direccion,telefono,correo,celular,esCliente,idEncargado,idCategoriaCliente)
VALUES('10-9','Restaurante El Chilenazo','LOS GATITOS','(2)-24938459','correoCliente9@gmail.coom','(56)-985746371','0',9,3);

INSERT INTO CLIENTE(rutCliente,nombreCliente,direccion,telefono,correo,celular,esCliente,idEncargado,idCategoriaCliente)
VALUES('10-0','Restaurante Parrilladas Argentinas','lOS PATITOS','(2)-24837493','correoCliente10@gmail.coom','(56)-905948273','0',10,3);

INSERT INTO CLIENTE(rutCliente,nombreCliente,direccion,telefono,correo,celular,esCliente,idEncargado,idCategoriaCliente)
VALUES('11-1','Restaurante Parrilladas Uruguayas','Los puinguinos','(2)-25049583','correoCliente11@gmail.coom','(56)-939405012','0',11,3);

INSERT INTO CLIENTE(rutCliente,nombreCliente,direccion,telefono,correo,celular,esCliente,idEncargado,idCategoriaCliente)
VALUES('11-2','Restaurante El Riconcito Acogedor','los leones','(2)-24938450','correoCliente12@gmail.coom','(56)-994851426','1',12,3);

INSERT INTO CLIENTE(rutCliente,nombreCliente,direccion,telefono,correo,celular,esCliente,idEncargado,idCategoriaCliente)
VALUES('11-3','Restaurante Eladio','Las marcelas','(2)-25948237','correoCliente13@gmail.coom','(56)-970583658','1',13,4);

INSERT INTO CLIENTE(rutCliente,nombreCliente,direccion,telefono,correo,celular,esCliente,idEncargado,idCategoriaCliente)
VALUES('11-4','Restaurante Donde Zacarias','las gayas fieras','(2)-26059487','correoCliente14@gmail.coom','(56)-969256813','1',14,4);

INSERT INTO CLIENTE(rutCliente,nombreCliente,direccion,telefono,correo,celular,esCliente,idEncargado,idCategoriaCliente)
VALUES('11-5','Centro de Eventos La Cuca','Las arañas','(2)-25049283','correoCliente15@gmail.coom','(56)-947581029','1',15,4);

INSERT INTO CLIENTE(rutCliente,nombreCliente,direccion,telefono,correo,celular,esCliente,idEncargado,idCategoriaCliente)
VALUES('11-6','Restaurante Pollo Caballo','Las Avistas','(2)-25948237','correoCliente16@gmail.coom','(56)-949386027','1',16,4);

INSERT INTO CLIENTE(rutCliente,nombreCliente,direccion,telefono,correo,celular,esCliente,idEncargado,idCategoriaCliente)
VALUES('11-7','Restaurante Huan-Li','Flaite','(2)-25902322','correoCliente17@gmail.coom','(56)-936486028','0',17,5);

INSERT INTO CLIENTE(rutCliente,nombreCliente,direccion,telefono,correo,celular,esCliente,idEncargado,idCategoriaCliente)
VALUES('11-8','Restaurante Ming-Shi','nO FLAITE','(2)-25948371','correoCliente18@gmail.coom','(56)-960384059','0',18,5);

INSERT INTO CLIENTE(rutCliente,nombreCliente,direccion,telefono,correo,celular,esCliente,idEncargado,idCategoriaCliente)
VALUES('11-9','Restaurante Danubio Azul','Pizza','(2)-25934823','correoCliente19@gmail.coom','(56)-949284068','1',19,5);

INSERT INTO CLIENTE(rutCliente,nombreCliente,direccion,telefono,correo,celular,esCliente,idEncargado,idCategoriaCliente)
VALUES('11-0','Restaurante Hou-King','ñuñoa 2345','(2)-25034928','correoCliente20@gmail.coom','(56)-937597015','1',20,5);

INSERT INTO CLIENTE(rutCliente,nombreCliente,direccion,telefono,correo,celular,esCliente,idEncargado,idCategoriaCliente)
VALUES('12-0','Restaurante Chicken Story','Vespucio sUR 23343','(2)-25938272','correoCliente21@gmail.coom','(56)-939581393','1',21,6);

INSERT INTO CLIENTE(rutCliente,nombreCliente,direccion,telefono,correo,celular,esCliente,idEncargado,idCategoriaCliente)
VALUES('12-1','Restaurante China Bella','Vespucio Norte','(2)-25934838','correoCliente22@gmail.coom','(56)-949382019','0',22,6);

INSERT INTO CLIENTE(rutCliente,nombreCliente,direccion,telefono,correo,celular,esCliente,idEncargado,idCategoriaCliente)
VALUES('12-2','Restaurante Sushi Lounge','Vespucio Centro 234783','(2)-29548383','correoCliente23@gmail.coom','(56)-948592840','0',23,6);

INSERT INTO CLIENTE(rutCliente,nombreCliente,direccion,telefono,correo,celular,esCliente,idEncargado,idCategoriaCliente)
VALUES('12-3','Hotel Angaroa','Vespucio Este 347834','(2)-25934822','correoCliente24@gmail.coom','(56)-969482740','0',24,6);

INSERT INTO CLIENTE(rutCliente,nombreCliente,direccion,telefono,correo,celular,esCliente,idEncargado,idCategoriaCliente)
VALUES('12-4','Restaurante Aji Seco','Rotonda Grecia 3478','(2)-24589393','correoCliente25@gmail.coom','(56)-927365038','1',25,7);

INSERT INTO CLIENTE(rutCliente,nombreCliente,direccion,telefono,correo,celular,esCliente,idEncargado,idCategoriaCliente)
VALUES('12-5','Ristorante La Piccola Italia','EEYUU','(2)-25994943','correoCliente26@gmail.coom','(56)-927384920','1',26,7);

INSERT INTO CLIENTE(rutCliente,nombreCliente,direccion,telefono,correo,celular,esCliente,idEncargado,idCategoriaCliente)
VALUES('12-6','Fuente de Soda Fuente Alemana','MEXICO 2342','(2)-25034893','correoCliente27@gmail.coom','(56)-926374859','1',27,7);

INSERT INTO CLIENTE(rutCliente,nombreCliente,direccion,telefono,correo,celular,esCliente,idEncargado,idCategoriaCliente)
VALUES('12-7','Restaurante El Otro Sitio','Argentina 2343','(2)-25947838','correoCliente28@gmail.coom','(56)-937485029','1',28,7);

INSERT INTO CLIENTE(rutCliente,nombreCliente,direccion,telefono,correo,celular,esCliente,idEncargado,idCategoriaCliente)
VALUES('12-8','Restaurante Shu-Wei','Colombia 3478','(2)-25938282','correoCliente29@gmail.coom','(56)-948573910','0',29,8);

INSERT INTO CLIENTE(rutCliente,nombreCliente,direccion,telefono,correo,celular,esCliente,idEncargado,idCategoriaCliente)
VALUES('12-9','Restaurante Tong-Fong','Haiti 3487','(2)-29589382','correoCliente30@gmail.coom','(56)-948472930','1',30,8);

INSERT INTO CLIENTE(rutCliente,nombreCliente,direccion,telefono,correo,celular,esCliente,idEncargado,idCategoriaCliente)
VALUES('13-0','Restaurante Fu-Manchu','Gran LINE','(2)-29583833','correoCliente31@gmail.coom','(56)-960449382','1',31,8);

INSERT INTO CLIENTE(rutCliente,nombreCliente,direccion,telefono,correo,celular,esCliente,idEncargado,idCategoriaCliente)
VALUES('13-1','drdfgfdf','Kame house','(2)-29583822','correoCliente32@gmail.coom','(56)-949582489','0',32,8);

INSERT INTO CLIENTE(rutCliente,nombreCliente,direccion,telefono,correo,celular,esCliente,idEncargado,idCategoriaCliente)
VALUES('13-2','dfgdfgdfgdg','kONOHA','(2)-20493822','correoCliente33@gmail.coom','(56)-959382702','1',33,9);

INSERT INTO CLIENTE(rutCliente,nombreCliente,direccion,telefono,correo,celular,esCliente,idEncargado,idCategoriaCliente)
VALUES('13-3','fgdfgdfgdfg','LOS sILVESTRES','(2)-28948933','correoCliente34@gmail.coom','(56)-949238292','0',34,9);

INSERT INTO CLIENTE(rutCliente,nombreCliente,direccion,telefono,correo,celular,esCliente,idEncargado,idCategoriaCliente)
VALUES('13-4','dfgdfgfgf','El ahhh','(2)-29489478','correoCliente35@gmail.coom','(56)-949238402','1',35,9);

INSERT INTO CLIENTE(rutCliente,nombreCliente,direccion,telefono,correo,celular,esCliente,idEncargado,idCategoriaCliente)
VALUES('13-5','fdgfffgf','LOS AZULEJOS','(2)-29493833','correoCliente36@gmail.coom','(56)-948934892','1',36,9);

INSERT INTO CLIENTE(rutCliente,nombreCliente,direccion,telefono,correo,celular,esCliente,idEncargado,idCategoriaCliente)
VALUES('13-6','fgffgfgfgf','Los Mapaches','(2)-29049393','correoCliente37@gmail.coom','(56)-940294820','1',37,10);

INSERT INTO CLIENTE(rutCliente,nombreCliente,direccion,telefono,correo,celular,esCliente,idEncargado,idCategoriaCliente)
VALUES('13-7','fhfghfghgf','Los Iglu','(2)-20492922','correoCliente38@gmail.coom','(56)-948273922','0',38,10);

INSERT INTO CLIENTE(rutCliente,nombreCliente,direccion,telefono,correo,celular,esCliente,idEncargado,idCategoriaCliente)
VALUES('13-8','fghgfhgfhgf','Las Peredes','(2)-29538383','correoCliente39@gmail.coom','(56)-940593822','0',39,10);

INSERT INTO CLIENTE(rutCliente,nombreCliente,direccion,telefono,correo,celular,esCliente,idEncargado,idCategoriaCliente)
VALUES('13-9','fghgfhgfhgf','Las Cajas','(2)-20493822','correoCliente40@gmail.coom','(56)-905394843','0',40,10);

INSERT INTO GUIADEDESPACHO(idGuiaDespacho,rut,fecha,nombre,telefono,direccion,comuna,ciudad,runEmpleado)
VALUES('99-1','2016-12-04','Restaurante Bin Xian','123456789','Mexico 2134','La Florida','Santiago',19);

INSERT INTO GUIADEDESPACHO(idGuiaDespacho,rut,fecha,nombre,telefono,direccion,comuna,ciudad,runEmpleado)
VALUES('99-2','2016-12-04','Restaurante Bella China','987654321','Holanda 323','Providencia','Santiago',19);

INSERT INTO GUIADEDESPACHO(idGuiaDespacho,rut,fecha,nombre,telefono,direccion,comuna,ciudad,runEmpleado)
VALUES('99-3','2016-12-04','Restaurante I-Ching','749365939','Dinamarca 2145','Providencia','Santiago',19);

INSERT INTO GUIADEDESPACHO(idGuiaDespacho,rut,fecha,nombre,telefono,direccion,comuna,ciudad,runEmpleado)
VALUES('99-4','2016-12-04','Restaurante Dong Xing','537597735','Suecia 5677','Providencia','Santiago',19);

INSERT INTO GUIADEDESPACHO(idGuiaDespacho,rut,fecha,nombre,telefono,direccion,comuna,ciudad,runEmpleado)
VALUES('99-5','2016-12-04','Restaurante China Popular','345631237','Polonia 543','Macul','Santiago',19);

INSERT INTO GUIADEDESPACHO(idGuiaDespacho,rut,fecha,nombre,telefono,direccion,comuna,ciudad,runEmpleado)
VALUES('99-6','2016-12-04','Restaurante Vaquita Sabrosa','54367546','Filadelfia 4235','Quilicura','Santiago',19);

INSERT INTO GUIADEDESPACHO(idGuiaDespacho,rut,fecha,nombre,telefono,direccion,comuna,ciudad,runEmpleado)
VALUES('99-7','2016-12-04','Hotel Sheraton','74564467','Av Francia 324','Puente Alto','Santiago',19);

INSERT INTO GUIADEDESPACHO(idGuiaDespacho,rut,fecha,nombre,telefono,direccion,comuna,ciudad,runEmpleado)
VALUES('99-8','2016-12-04','Hotel Marriot','863985316','New York 453','Santiago','Santiago',19);

INSERT INTO GUIADEDESPACHO(idGuiaDespacho,rut,fecha,nombre,telefono,direccion,comuna,ciudad,runEmpleado)
VALUES('99-9','2016-12-04','Restaurante El Chilenazo','269854580','Manhattan 321','Santiago','Santiago',19);

INSERT INTO GUIADEDESPACHO(idGuiaDespacho,rut,fecha,nombre,telefono,direccion,comuna,ciudad,runEmpleado)
VALUES('99-k','2016-12-04','Restaurante Parrilladas Argentinas','674636487','Los Sauces 678','La Florida','Santiago',19);

INSERT INTO GUIADEDESPACHO(idGuiaDespacho,rut,fecha,nombre,telefono,direccion,comuna,ciudad,runEmpleado)
VALUES('98-1','2017-06-05','Restaurante Parrilladas Uruguayas','856645252','Los Rosales 578','Las Condes','Santiago',19);

INSERT INTO GUIADEDESPACHO(idGuiaDespacho,rut,fecha,nombre,telefono,direccion,comuna,ciudad,runEmpleado)
VALUES('98-2','2016-12-04','Restaurante El Riconcito Acogedor','456732489','Los Naranjos 678','Recoleta','Santiago',19);

INSERT INTO GUIADEDESPACHO(idGuiaDespacho,rut,fecha,nombre,telefono,direccion,comuna,ciudad,runEmpleado)
VALUES('98-3','2016-12-04','Restaurante Eladio','889076756','Av España 5467','Santiago','Santiago',19);

INSERT INTO GUIADEDESPACHO(idGuiaDespacho,rut,fecha,nombre,telefono,direccion,comuna,ciudad,runEmpleado)
VALUES('98-4','2016-12-04','Restaurante Donde Zacarias','553676566','Sudan 4456','Renca','Santiago',19);

INSERT INTO GUIADEDESPACHO(idGuiaDespacho,rut,fecha,nombre,telefono,direccion,comuna,ciudad,runEmpleado)
VALUES('98-5','2016-12-04','Centro de Eventos La Cuca','987890976','Av Bernardo OHiggins 4314','Santiago','Santiago',19);

INSERT INTO GUIADEDESPACHO(idGuiaDespacho,rut,fecha,nombre,telefono,direccion,comuna,ciudad,runEmpleado)
VALUES('98-6','2016-12-04','Restaurante Pollo Caballo','8642158974','Salvador 4563','Providencia','Santiago',19);

INSERT INTO GUIADEDESPACHO(idGuiaDespacho,rut,fecha,nombre,telefono,direccion,comuna,ciudad,runEmpleado)
VALUES('98-7','2016-12-04','Restaurante Huan-Li','5457432764','Belgica 446','La Reina','Santiago',19);

INSERT INTO GUIADEDESPACHO(idGuiaDespacho,rut,fecha,nombre,telefono,direccion,comuna,ciudad,runEmpleado)
VALUES('98-8','2016-12-04','Restaurante Ming-Shi','875332228','Los Manzanos 4522','Renca','Santiago',19);

INSERT INTO GUIADEDESPACHO(idGuiaDespacho,rut,fecha,nombre,telefono,direccion,comuna,ciudad,runEmpleado)
VALUES('98-9','2016-12-04','Restaurante Danubio Azul','7543235764','Los Perales 544','Estacion Central','Santiago',19);

INSERT INTO GUIADEDESPACHO(idGuiaDespacho,rut,fecha,nombre,telefono,direccion,comuna,ciudad,runEmpleado)
VALUES('98-k','2016-12-04','Restaurante Hou-King','543543256','Los Alerces 5467','El Monte','Santiago',19);

INSERT INTO GUIADEDESPACHO(idGuiaDespacho,rut,fecha,nombre,telefono,direccion,comuna,ciudad,runEmpleado)
VALUES('97-1','2016-12-04','Restaurante Chicken Story','436742356','Los Olivos 678','Melipilla','Santiago',19);

INSERT INTO GUIADEDESPACHO(idGuiaDespacho,rut,fecha,nombre,telefono,direccion,comuna,ciudad,runEmpleado)
VALUES('97-2','2016-12-04','Restaurante China Bella','643457633','Londres 7667','Buin','Santiago',19);

INSERT INTO GUIADEDESPACHO(idGuiaDespacho,rut,fecha,nombre,telefono,direccion,comuna,ciudad,runEmpleado)
VALUES('97-3','2016-12-04','Restaurante Sushi Lounge','352465863','Montenegro 463','Peñaflor','Santiago',19);

INSERT INTO GUIADEDESPACHO(idGuiaDespacho,rut,fecha,nombre,telefono,direccion,comuna,ciudad,runEmpleado)
VALUES('97-4','2016-12-04','Hotel Angaroa','434645523','Serbia 4577','Curacavi','Santiago',19);

INSERT INTO GUIADEDESPACHO(idGuiaDespacho,rut,fecha,nombre,telefono,direccion,comuna,ciudad,runEmpleado)
VALUES('97-5','2016-12-04','Restaurante Aji Seco','266834576','Checoslovaquia 545','San Joaquin','Santiago',19);

INSERT INTO GUIADEDESPACHO(idGuiaDespacho,rut,fecha,nombre,telefono,direccion,comuna,ciudad,runEmpleado)
VALUES('97-6','2016-12-04','Ristorante La Piccola Italia','653789434','Republica Siria 4123','Ñuñoa','Santiago',19);

INSERT INTO GUIADEDESPACHO(idGuiaDespacho,rut,fecha,nombre,telefono,direccion,comuna,ciudad,runEmpleado)
VALUES('97-7','2016-12-04','Fuente de Soda Fuente Alemana','426836975','Brasilia 678','Peñalolen','Santiago',19);

INSERT INTO GUIADEDESPACHO(idGuiaDespacho,rut,fecha,nombre,telefono,direccion,comuna,ciudad,runEmpleado)
VALUES('97-8','2016-12-04','Restaurante El Otro Sitio','235689323','Montevideo 567','Recoleta','Santiago',19);

INSERT INTO GUIADEDESPACHO(idGuiaDespacho,rut,fecha,nombre,telefono,direccion,comuna,ciudad,runEmpleado)
VALUES('97-9','2016-12-04','Restaurante Shu-Wei','347823456','Buenos Aires 134','Recoleta','Santiago',19);

INSERT INTO GUIADEDESPACHO(idGuiaDespacho,rut,fecha,nombre,telefono,direccion,comuna,ciudad,runEmpleado)
VALUES('97-k','2016-12-04','Restaurante Tong-Fong','673465675','Teatinos 754','Santiago','Santiago',19);

INSERT INTO GUIADEDESPACHO(idGuiaDespacho,rut,fecha,nombre,telefono,direccion,comuna,ciudad,runEmpleado)
VALUES('96-1','2016-12-04','Restaurante Fu-Manchu','765234978','Compañia 4464','Santiago','Santiago',19);

<<<<<<< HEAD
INSERT INTO DETALLE_GUIA_DESPACHO(cantidad,detalle,total,nombreRecepcion,rutRecepcion,fechaDeRecepcion)
VALUES(5,'',,'','','2017-10-22')

INSERT INTO DETALLE_GUIA_DESPACHO(cantidad,detalle,total,nombreRecepcion,rutRecepcion,fechaDeRecepcion)
VALUES(10,,,'','','2017-10-22')

INSERT INTO DETALLE_GUIA_DESPACHO(cantidad,detalle,total,nombreRecepcion,rutRecepcion,fechaDeRecepcion)
VALUES(7,,,'','','2017-10-22')

INSERT INTO DETALLE_GUIA_DESPACHO(cantidad,detalle,total,nombreRecepcion,rutRecepcion,fechaDeRecepcion)
VALUES(4,,,'','','2017-10-22')

INSERT INTO DETALLE_GUIA_DESPACHO(cantidad,detalle,total,nombreRecepcion,rutRecepcion,fechaDeRecepcion)
VALUES(3,,,'','','2017-10-22')

INSERT INTO DETALLE_GUIA_DESPACHO(cantidad,detalle,total,nombreRecepcion,rutRecepcion,fechaDeRecepcion)
VALUES(9,,,'','','2017-10-22')

INSERT INTO DETALLE_GUIA_DESPACHO(cantidad,detalle,total,nombreRecepcion,rutRecepcion,fechaDeRecepcion)
VALUES(8,,,'','','2017-10-22')

INSERT INTO DETALLE_GUIA_DESPACHO(cantidad,detalle,total,nombreRecepcion,rutRecepcion,fechaDeRecepcion)
VALUES(5,,,'','','2017-10-22')

INSERT INTO DETALLE_GUIA_DESPACHO(cantidad,detalle,total,nombreRecepcion,rutRecepcion,fechaDeRecepcion)
VALUES(1,,,'','','2017-10-22')

INSERT INTO DETALLE_GUIA_DESPACHO(cantidad,detalle,total,nombreRecepcion,rutRecepcion,fechaDeRecepcion)
VALUES(7,,,'','','2017-10-22')

INSERT INTO DETALLE_GUIA_DESPACHO(cantidad,detalle,total,nombreRecepcion,rutRecepcion,fechaDeRecepcion)
VALUES(6,,,'','','2017-10-22')

INSERT INTO DETALLE_GUIA_DESPACHO(cantidad,detalle,total,nombreRecepcion,rutRecepcion,fechaDeRecepcion)
VALUES(9,,,'','','2017-10-22')

INSERT INTO DETALLE_GUIA_DESPACHO(cantidad,detalle,total,nombreRecepcion,rutRecepcion,fechaDeRecepcion)
VALUES(5,,,'','','2017-10-22')

INSERT INTO DETALLE_GUIA_DESPACHO(cantidad,detalle,total,nombreRecepcion,rutRecepcion,fechaDeRecepcion)
VALUES(7,,,'','','2017-10-22')

INSERT INTO DETALLE_GUIA_DESPACHO(cantidad,detalle,total,nombreRecepcion,rutRecepcion,fechaDeRecepcion)
VALUES(5,,,'','','2017-10-22')

INSERT INTO DETALLE_GUIA_DESPACHO(cantidad,detalle,total,nombreRecepcion,rutRecepcion,fechaDeRecepcion)
VALUES(2,,,'','','2017-10-22')

INSERT INTO DETALLE_GUIA_DESPACHO(cantidad,detalle,total,nombreRecepcion,rutRecepcion,fechaDeRecepcion)
VALUES(1,,,'','','2017-10-22')

INSERT INTO DETALLE_GUIA_DESPACHO(cantidad,detalle,total,nombreRecepcion,rutRecepcion,fechaDeRecepcion)
VALUES(9,,,'','','2017-10-22')

INSERT INTO DETALLE_GUIA_DESPACHO(cantidad,detalle,total,nombreRecepcion,rutRecepcion,fechaDeRecepcion)
VALUES(40,,,'','','2017-10-22')

INSERT INTO DETALLE_GUIA_DESPACHO(cantidad,detalle,total,nombreRecepcion,rutRecepcion,fechaDeRecepcion)
VALUES(5,,,'','','2017-10-22')

INSERT INTO DETALLE_GUIA_DESPACHO(cantidad,detalle,total,nombreRecepcion,rutRecepcion,fechaDeRecepcion)
VALUES(11,,,'','','2017-10-22')

INSERT INTO DETALLE_GUIA_DESPACHO(cantidad,detalle,total,nombreRecepcion,rutRecepcion,fechaDeRecepcion)
VALUES(12,,,'','','2017-10-22')

INSERT INTO DETALLE_GUIA_DESPACHO(cantidad,detalle,total,nombreRecepcion,rutRecepcion,fechaDeRecepcion)
VALUES(13,,,'','','2017-10-22')

INSERT INTO DETALLE_GUIA_DESPACHO(cantidad,detalle,total,nombreRecepcion,rutRecepcion,fechaDeRecepcion)
VALUES(88,,,'','','2017-10-22')

INSERT INTO DETALLE_GUIA_DESPACHO(cantidad,detalle,total,nombreRecepcion,rutRecepcion,fechaDeRecepcion)
VALUES(3,,,'','','2017-10-22')

INSERT INTO DETALLE_GUIA_DESPACHO(cantidad,detalle,total,nombreRecepcion,rutRecepcion,fechaDeRecepcion)
VALUES(45,,,'','','2017-10-22')

INSERT INTO DETALLE_GUIA_DESPACHO(cantidad,detalle,total,nombreRecepcion,rutRecepcion,fechaDeRecepcion)
VALUES(14,,,'','','2017-10-22')

INSERT INTO DETALLE_GUIA_DESPACHO(cantidad,detalle,total,nombreRecepcion,rutRecepcion,fechaDeRecepcion)
VALUES(15,,,'','','2017-10-22')

INSERT INTO DETALLE_GUIA_DESPACHO(cantidad,detalle,total,nombreRecepcion,rutRecepcion,fechaDeRecepcion)
VALUES(17,,,'','','2017-10-22')

INSERT INTO DETALLE_GUIA_DESPACHO(cantidad,detalle,total,nombreRecepcion,rutRecepcion,fechaDeRecepcion)
VALUES(19,,,'','','2017-10-22')
=======
>>>>>>> 8e2aa3aeed94f12d3edcfceebdd4577b2cb1393b
